﻿{"ous":[{"Properties":{"highvalue":false,"name":"DOMAIN CONTROLLERS@COMPANY.LOCAL","domain":"COMPANY.LOCAL","objectid":"3A90BB0A-0C99-4803-8151-09B4D008A85C","distinguishedname":"OU=Domain Controllers,DC=company,DC=local","description":"Default container for domain controllers","blocksinheritance":false},"Links":[{"IsEnforced":false,"Guid":"CB1C8DD5-9EB9-4D5B-A577-D3E71A4A3E35"},{"IsEnforced":false,"Guid":"DDB1625F-1F0E-43F6-A918-D02299F7487F"},{"IsEnforced":false,"Guid":"E97D0B7F-A1CA-4F84-819B-9CD8D9731222"}],"ACLProtected":false,"Users":[],"Computers":["S-1-5-21-575118345-1340977889-3616893645-1002","S-1-5-21-575118345-1340977889-3616893645-1117"],"ChildOus":[],"RemoteDesktopUsers":[],"LocalAdmins":[],"DcomUsers":[],"PSRemoteUsers":[],"ObjectIdentifier":"3A90BB0A-0C99-4803-8151-09B4D008A85C","Aces":[{"PrincipalSID":"S-1-5-21-575118345-1340977889-3616893645-512","PrincipalType":"Group","RightName":"Owner","AceType":"","IsInherited":false},{"PrincipalSID":"S-1-5-21-575118345-1340977889-3616893645-512","PrincipalType":"Group","RightName":"WriteDacl","AceType":"","IsInherited":false},{"PrincipalSID":"S-1-5-21-575118345-1340977889-3616893645-512","PrincipalType":"Group","RightName":"WriteOwner","AceType":"","IsInherited":false},{"PrincipalSID":"S-1-5-21-575118345-1340977889-3616893645-519","PrincipalType":"Group","RightName":"GenericAll","AceType":"","IsInherited":true},{"PrincipalSID":"COMPANY.LOCAL-S-1-5-32-544","PrincipalType":"Group","RightName":"WriteDacl","AceType":"","IsInherited":true},{"PrincipalSID":"COMPANY.LOCAL-S-1-5-32-544","PrincipalType":"Group","RightName":"WriteOwner","AceType":"","IsInherited":true}]},{"Properties":{"highvalue":false,"name":"ALLUSERS@COMPANY.LOCAL","domain":"COMPANY.LOCAL","objectid":"28A26200-BDA6-4692-8F1D-D97CED20EDC2","distinguishedname":"OU=Allusers,DC=company,DC=local","description":null,"blocksinheritance":false},"Links":[],"ACLProtected":false,"Users":["S-1-5-21-575118345-1340977889-3616893645-1116","S-1-5-21-575118345-1340977889-3616893645-1107","S-1-5-21-575118345-1340977889-3616893645-1113","S-1-5-21-575118345-1340977889-3616893645-1114","S-1-5-21-575118345-1340977889-3616893645-1108","S-1-5-21-575118345-1340977889-3616893645-1111","S-1-5-21-575118345-1340977889-3616893645-1112","S-1-5-21-575118345-1340977889-3616893645-1115","S-1-5-21-575118345-1340977889-3616893645-1109","S-1-5-21-575118345-1340977889-3616893645-1110"],"Computers":[],"ChildOus":[],"RemoteDesktopUsers":[],"LocalAdmins":[],"DcomUsers":[],"PSRemoteUsers":[],"ObjectIdentifier":"28A26200-BDA6-4692-8F1D-D97CED20EDC2","Aces":[{"PrincipalSID":"S-1-5-21-575118345-1340977889-3616893645-1000","PrincipalType":"User","RightName":"Owner","AceType":"","IsInherited":false},{"PrincipalSID":"S-1-5-21-575118345-1340977889-3616893645-512","PrincipalType":"Group","RightName":"GenericAll","AceType":"","IsInherited":false},{"PrincipalSID":"S-1-5-21-575118345-1340977889-3616893645-519","PrincipalType":"Group","RightName":"GenericAll","AceType":"","IsInherited":true},{"PrincipalSID":"COMPANY.LOCAL-S-1-5-32-544","PrincipalType":"Group","RightName":"WriteDacl","AceType":"","IsInherited":true},{"PrincipalSID":"COMPANY.LOCAL-S-1-5-32-544","PrincipalType":"Group","RightName":"WriteOwner","AceType":"","IsInherited":true}]},{"Properties":{"highvalue":false,"name":"MICROSOFT EXCHANGE SECURITY GROUPS@COMPANY.LOCAL","domain":"COMPANY.LOCAL","objectid":"C8529515-846D-41CC-866B-84F863062EF3","distinguishedname":"OU=Microsoft Exchange Security Groups,DC=company,DC=local","description":null,"blocksinheritance":false},"Links":[],"ACLProtected":false,"Users":[],"Computers":[],"ChildOus":[],"RemoteDesktopUsers":[],"LocalAdmins":[],"DcomUsers":[],"PSRemoteUsers":[],"ObjectIdentifier":"C8529515-846D-41CC-866B-84F863062EF3","Aces":[{"PrincipalSID":"S-1-5-21-575118345-1340977889-3616893645-512","PrincipalType":"Group","RightName":"Owner","AceType":"","IsInherited":false},{"PrincipalSID":"S-1-5-21-575118345-1340977889-3616893645-512","PrincipalType":"Group","RightName":"GenericAll","AceType":"","IsInherited":false},{"PrincipalSID":"S-1-5-21-575118345-1340977889-3616893645-1118","PrincipalType":"Group","RightName":"GenericAll","AceType":"","IsInherited":false},{"PrincipalSID":"S-1-5-21-575118345-1340977889-3616893645-519","PrincipalType":"Group","RightName":"GenericAll","AceType":"","IsInherited":true},{"PrincipalSID":"COMPANY.LOCAL-S-1-5-32-544","PrincipalType":"Group","RightName":"WriteDacl","AceType":"","IsInherited":true},{"PrincipalSID":"COMPANY.LOCAL-S-1-5-32-544","PrincipalType":"Group","RightName":"WriteOwner","AceType":"","IsInherited":true}]},{"Properties":{"highvalue":false,"name":"ALLCOMPUTERS@COMPANY.LOCAL","domain":"COMPANY.LOCAL","objectid":"3ECF80EA-0EF4-4BFF-9EA5-A81B02FE940B","distinguishedname":"OU=AllComputers,DC=company,DC=local","description":null,"blocksinheritance":false},"Links":[{"IsEnforced":false,"Guid":"A1E6B37F-9CD8-42AF-B939-252041FF5BA4"},{"IsEnforced":false,"Guid":"0712EFB3-6062-43CE-8033-7177B7E9A35F"}],"ACLProtected":false,"Users":[],"Computers":["S-1-5-21-575118345-1340977889-3616893645-1610","S-1-5-21-575118345-1340977889-3616893645-1609","S-1-5-21-575118345-1340977889-3616893645-1154","S-1-5-21-575118345-1340977889-3616893645-1603","S-1-5-21-575118345-1340977889-3616893645-1611","S-1-5-21-575118345-1340977889-3616893645-1612","S-1-5-21-575118345-1340977889-3616893645-1613"],"ChildOus":[],"RemoteDesktopUsers":[],"LocalAdmins":[],"DcomUsers":[],"PSRemoteUsers":[],"ObjectIdentifier":"3ECF80EA-0EF4-4BFF-9EA5-A81B02FE940B","Aces":[{"PrincipalSID":"S-1-5-21-575118345-1340977889-3616893645-1000","PrincipalType":"User","RightName":"Owner","AceType":"","IsInherited":false},{"PrincipalSID":"S-1-5-21-575118345-1340977889-3616893645-512","PrincipalType":"Group","RightName":"GenericAll","AceType":"","IsInherited":false},{"PrincipalSID":"S-1-5-21-575118345-1340977889-3616893645-519","PrincipalType":"Group","RightName":"GenericAll","AceType":"","IsInherited":true},{"PrincipalSID":"COMPANY.LOCAL-S-1-5-32-544","PrincipalType":"Group","RightName":"WriteDacl","AceType":"","IsInherited":true},{"PrincipalSID":"COMPANY.LOCAL-S-1-5-32-544","PrincipalType":"Group","RightName":"WriteOwner","AceType":"","IsInherited":true}]}],"meta":{"count":4,"type":"ous","version":3}}