﻿{"users":[{"Properties":{"highvalue":false,"name":"MPUSER@COMPANY.LOCAL","domain":"COMPANY.LOCAL","objectid":"S-1-5-21-575118345-1340977889-3616893645-1106","distinguishedname":"CN=mpuser,CN=Users,DC=company,DC=local","description":null,"dontreqpreauth":false,"passwordnotreqd":false,"unconstraineddelegation":false,"sensitive":false,"enabled":true,"pwdneverexpires":true,"lastlogon":-1,"lastlogontimestamp":-1,"pwdlastset":1645717438,"serviceprincipalnames":[],"hasspn":false,"displayname":null,"email":null,"title":null,"homedirectory":null,"userpassword":null,"admincount":false,"sidhistory":[]},"AllowedToDelegate":[],"SPNTargets":[],"PrimaryGroupSid":"S-1-5-21-575118345-1340977889-3616893645-513","HasSIDHistory":[],"ObjectIdentifier":"S-1-5-21-575118345-1340977889-3616893645-1106","Aces":[{"PrincipalSID":"S-1-5-21-575118345-1340977889-3616893645-1000","PrincipalType":"User","RightName":"Owner","AceType":"","IsInherited":false},{"PrincipalSID":"COMPANY.LOCAL-S-1-5-32-548","PrincipalType":"Group","RightName":"GenericAll","AceType":"","IsInherited":false},{"PrincipalSID":"S-1-5-21-575118345-1340977889-3616893645-512","PrincipalType":"Group","RightName":"GenericAll","AceType":"","IsInherited":false},{"PrincipalSID":"S-1-5-21-575118345-1340977889-3616893645-1135","PrincipalType":"Group","RightName":"ExtendedRight","AceType":"User-Force-Change-Password","IsInherited":true},{"PrincipalSID":"S-1-5-21-575118345-1340977889-3616893645-1135","PrincipalType":"Group","RightName":"WriteDacl","AceType":"","IsInherited":true},{"PrincipalSID":"S-1-5-21-575118345-1340977889-3616893645-519","PrincipalType":"Group","RightName":"GenericAll","AceType":"","IsInherited":true},{"PrincipalSID":"COMPANY.LOCAL-S-1-5-32-544","PrincipalType":"Group","RightName":"WriteDacl","AceType":"","IsInherited":true},{"PrincipalSID":"COMPANY.LOCAL-S-1-5-32-544","PrincipalType":"Group","RightName":"WriteOwner","AceType":"","IsInherited":true},{"PrincipalSID":"COMPANY.LOCAL-S-1-5-32-544","PrincipalType":"Group","RightName":"ExtendedRight","AceType":"All","IsInherited":true},{"PrincipalSID":"COMPANY.LOCAL-S-1-5-32-544","PrincipalType":"Group","RightName":"GenericWrite","AceType":"","IsInherited":true}]},{"Properties":{"highvalue":false,"name":"CLOUDBASE-INIT@COMPANY.LOCAL","domain":"COMPANY.LOCAL","objectid":"S-1-5-21-575118345-1340977889-3616893645-1001","distinguishedname":"CN=cloudbase-init,CN=Users,DC=company,DC=local","description":null,"dontreqpreauth":false,"passwordnotreqd":false,"unconstraineddelegation":false,"sensitive":false,"enabled":true,"pwdneverexpires":true,"lastlogon":1646484672,"lastlogontimestamp":1646484471,"pwdlastset":1645716902,"serviceprincipalnames":[],"hasspn":false,"displayname":"cloudbase-init","email":null,"title":null,"homedirectory":null,"userpassword":null,"admincount":true,"sidhistory":[]},"AllowedToDelegate":[],"SPNTargets":[],"PrimaryGroupSid":"S-1-5-21-575118345-1340977889-3616893645-513","HasSIDHistory":[],"ObjectIdentifier":"S-1-5-21-575118345-1340977889-3616893645-1001","Aces":[{"PrincipalSID":"S-1-5-21-575118345-1340977889-3616893645-512","PrincipalType":"Group","RightName":"Owner","AceType":"","IsInherited":false},{"PrincipalSID":"COMPANY.LOCAL-S-1-5-32-544","PrincipalType":"Group","RightName":"WriteDacl","AceType":"","IsInherited":false},{"PrincipalSID":"COMPANY.LOCAL-S-1-5-32-544","PrincipalType":"Group","RightName":"WriteOwner","AceType":"","IsInherited":false},{"PrincipalSID":"COMPANY.LOCAL-S-1-5-32-544","PrincipalType":"Group","RightName":"ExtendedRight","AceType":"All","IsInherited":false},{"PrincipalSID":"COMPANY.LOCAL-S-1-5-32-544","PrincipalType":"Group","RightName":"GenericWrite","AceType":"","IsInherited":false},{"PrincipalSID":"S-1-5-21-575118345-1340977889-3616893645-512","PrincipalType":"Group","RightName":"WriteDacl","AceType":"","IsInherited":false},{"PrincipalSID":"S-1-5-21-575118345-1340977889-3616893645-512","PrincipalType":"Group","RightName":"WriteOwner","AceType":"","IsInherited":false},{"PrincipalSID":"S-1-5-21-575118345-1340977889-3616893645-512","PrincipalType":"Group","RightName":"ExtendedRight","AceType":"All","IsInherited":false},{"PrincipalSID":"S-1-5-21-575118345-1340977889-3616893645-512","PrincipalType":"Group","RightName":"GenericWrite","AceType":"","IsInherited":false},{"PrincipalSID":"S-1-5-21-575118345-1340977889-3616893645-519","PrincipalType":"Group","RightName":"WriteDacl","AceType":"","IsInherited":false},{"PrincipalSID":"S-1-5-21-575118345-1340977889-3616893645-519","PrincipalType":"Group","RightName":"WriteOwner","AceType":"","IsInherited":false},{"PrincipalSID":"S-1-5-21-575118345-1340977889-3616893645-519","PrincipalType":"Group","RightName":"ExtendedRight","AceType":"All","IsInherited":false},{"PrincipalSID":"S-1-5-21-575118345-1340977889-3616893645-519","PrincipalType":"Group","RightName":"GenericWrite","AceType":"","IsInherited":false}]},{"Properties":{"highvalue":false,"name":"EXCH_SRV@COMPANY.LOCAL","domain":"COMPANY.LOCAL","objectid":"S-1-5-21-575118345-1340977889-3616893645-1107","distinguishedname":"CN=Exch_srv,OU=Allusers,DC=company,DC=local","description":null,"dontreqpreauth":false,"passwordnotreqd":false,"unconstraineddelegation":false,"sensitive":false,"enabled":true,"pwdneverexpires":true,"lastlogon":-1,"lastlogontimestamp":-1,"pwdlastset":1645717729,"serviceprincipalnames":[],"hasspn":false,"displayname":"Exch_srv","email":"Exch_srv@nand.loc","title":null,"homedirectory":null,"userpassword":null,"admincount":false,"sidhistory":[]},"AllowedToDelegate":[],"SPNTargets":[],"PrimaryGroupSid":"S-1-5-21-575118345-1340977889-3616893645-513","HasSIDHistory":[],"ObjectIdentifier":"S-1-5-21-575118345-1340977889-3616893645-1107","Aces":[{"PrincipalSID":"S-1-5-21-575118345-1340977889-3616893645-512","PrincipalType":"Group","RightName":"Owner","AceType":"","IsInherited":false},{"PrincipalSID":"COMPANY.LOCAL-S-1-5-32-548","PrincipalType":"Group","RightName":"GenericAll","AceType":"","IsInherited":false},{"PrincipalSID":"S-1-5-21-575118345-1340977889-3616893645-512","PrincipalType":"Group","RightName":"GenericAll","AceType":"","IsInherited":false},{"PrincipalSID":"S-1-5-21-575118345-1340977889-3616893645-1135","PrincipalType":"Group","RightName":"ExtendedRight","AceType":"User-Force-Change-Password","IsInherited":true},{"PrincipalSID":"S-1-5-21-575118345-1340977889-3616893645-1135","PrincipalType":"Group","RightName":"WriteDacl","AceType":"","IsInherited":true},{"PrincipalSID":"S-1-5-21-575118345-1340977889-3616893645-519","PrincipalType":"Group","RightName":"GenericAll","AceType":"","IsInherited":true},{"PrincipalSID":"COMPANY.LOCAL-S-1-5-32-544","PrincipalType":"Group","RightName":"WriteDacl","AceType":"","IsInherited":true},{"PrincipalSID":"COMPANY.LOCAL-S-1-5-32-544","PrincipalType":"Group","RightName":"WriteOwner","AceType":"","IsInherited":true},{"PrincipalSID":"COMPANY.LOCAL-S-1-5-32-544","PrincipalType":"Group","RightName":"ExtendedRight","AceType":"All","IsInherited":true},{"PrincipalSID":"COMPANY.LOCAL-S-1-5-32-544","PrincipalType":"Group","RightName":"GenericWrite","AceType":"","IsInherited":true}]},{"Properties":{"highvalue":false,"name":"KRBTGT@COMPANY.LOCAL","domain":"COMPANY.LOCAL","objectid":"S-1-5-21-575118345-1340977889-3616893645-502","distinguishedname":"CN=krbtgt,CN=Users,DC=company,DC=local","description":"Key Distribution Center Service Account","dontreqpreauth":false,"passwordnotreqd":false,"unconstraineddelegation":false,"sensitive":false,"enabled":false,"pwdneverexpires":false,"lastlogon":-1,"lastlogontimestamp":-1,"pwdlastset":1645717026,"serviceprincipalnames":["kadmin/changepw"],"hasspn":true,"displayname":null,"email":null,"title":null,"homedirectory":null,"userpassword":null,"admincount":true,"sidhistory":[]},"AllowedToDelegate":[],"SPNTargets":[],"PrimaryGroupSid":"S-1-5-21-575118345-1340977889-3616893645-513","HasSIDHistory":[],"ObjectIdentifier":"S-1-5-21-575118345-1340977889-3616893645-502","Aces":[{"PrincipalSID":"S-1-5-21-575118345-1340977889-3616893645-512","PrincipalType":"Group","RightName":"Owner","AceType":"","IsInherited":false},{"PrincipalSID":"COMPANY.LOCAL-S-1-5-32-544","PrincipalType":"Group","RightName":"WriteDacl","AceType":"","IsInherited":false},{"PrincipalSID":"COMPANY.LOCAL-S-1-5-32-544","PrincipalType":"Group","RightName":"WriteOwner","AceType":"","IsInherited":false},{"PrincipalSID":"COMPANY.LOCAL-S-1-5-32-544","PrincipalType":"Group","RightName":"ExtendedRight","AceType":"All","IsInherited":false},{"PrincipalSID":"COMPANY.LOCAL-S-1-5-32-544","PrincipalType":"Group","RightName":"GenericWrite","AceType":"","IsInherited":false},{"PrincipalSID":"S-1-5-21-575118345-1340977889-3616893645-512","PrincipalType":"Group","RightName":"WriteDacl","AceType":"","IsInherited":false},{"PrincipalSID":"S-1-5-21-575118345-1340977889-3616893645-512","PrincipalType":"Group","RightName":"WriteOwner","AceType":"","IsInherited":false},{"PrincipalSID":"S-1-5-21-575118345-1340977889-3616893645-512","PrincipalType":"Group","RightName":"ExtendedRight","AceType":"All","IsInherited":false},{"PrincipalSID":"S-1-5-21-575118345-1340977889-3616893645-512","PrincipalType":"Group","RightName":"GenericWrite","AceType":"","IsInherited":false},{"PrincipalSID":"S-1-5-21-575118345-1340977889-3616893645-519","PrincipalType":"Group","RightName":"WriteDacl","AceType":"","IsInherited":false},{"PrincipalSID":"S-1-5-21-575118345-1340977889-3616893645-519","PrincipalType":"Group","RightName":"WriteOwner","AceType":"","IsInherited":false},{"PrincipalSID":"S-1-5-21-575118345-1340977889-3616893645-519","PrincipalType":"Group","RightName":"ExtendedRight","AceType":"All","IsInherited":false},{"PrincipalSID":"S-1-5-21-575118345-1340977889-3616893645-519","PrincipalType":"Group","RightName":"GenericWrite","AceType":"","IsInherited":false}]},{"Properties":{"highvalue":false,"name":"IVANOV@COMPANY.LOCAL","domain":"COMPANY.LOCAL","objectid":"S-1-5-21-575118345-1340977889-3616893645-1108","distinguishedname":"CN=ivanov,OU=Allusers,DC=company,DC=local","description":null,"dontreqpreauth":false,"passwordnotreqd":false,"unconstraineddelegation":false,"sensitive":false,"enabled":true,"pwdneverexpires":true,"lastlogon":-1,"lastlogontimestamp":-1,"pwdlastset":1645717729,"serviceprincipalnames":[],"hasspn":false,"displayname":"ivanov","email":"ivanov@nand.loc","title":null,"homedirectory":null,"userpassword":null,"admincount":false,"sidhistory":[]},"AllowedToDelegate":[],"SPNTargets":[],"PrimaryGroupSid":"S-1-5-21-575118345-1340977889-3616893645-513","HasSIDHistory":[],"ObjectIdentifier":"S-1-5-21-575118345-1340977889-3616893645-1108","Aces":[{"PrincipalSID":"S-1-5-21-575118345-1340977889-3616893645-512","PrincipalType":"Group","RightName":"Owner","AceType":"","IsInherited":false},{"PrincipalSID":"COMPANY.LOCAL-S-1-5-32-548","PrincipalType":"Group","RightName":"GenericAll","AceType":"","IsInherited":false},{"PrincipalSID":"S-1-5-21-575118345-1340977889-3616893645-512","PrincipalType":"Group","RightName":"GenericAll","AceType":"","IsInherited":false},{"PrincipalSID":"S-1-5-21-575118345-1340977889-3616893645-1135","PrincipalType":"Group","RightName":"ExtendedRight","AceType":"User-Force-Change-Password","IsInherited":true},{"PrincipalSID":"S-1-5-21-575118345-1340977889-3616893645-1135","PrincipalType":"Group","RightName":"WriteDacl","AceType":"","IsInherited":true},{"PrincipalSID":"S-1-5-21-575118345-1340977889-3616893645-519","PrincipalType":"Group","RightName":"GenericAll","AceType":"","IsInherited":true},{"PrincipalSID":"COMPANY.LOCAL-S-1-5-32-544","PrincipalType":"Group","RightName":"WriteDacl","AceType":"","IsInherited":true},{"PrincipalSID":"COMPANY.LOCAL-S-1-5-32-544","PrincipalType":"Group","RightName":"WriteOwner","AceType":"","IsInherited":true},{"PrincipalSID":"COMPANY.LOCAL-S-1-5-32-544","PrincipalType":"Group","RightName":"ExtendedRight","AceType":"All","IsInherited":true},{"PrincipalSID":"COMPANY.LOCAL-S-1-5-32-544","PrincipalType":"Group","RightName":"GenericWrite","AceType":"","IsInherited":true}]},{"Properties":{"highvalue":false,"name":"SIDOROV@COMPANY.LOCAL","domain":"COMPANY.LOCAL","objectid":"S-1-5-21-575118345-1340977889-3616893645-1110","distinguishedname":"CN=sidorov,OU=Allusers,DC=company,DC=local","description":null,"dontreqpreauth":false,"passwordnotreqd":false,"unconstraineddelegation":false,"sensitive":false,"enabled":true,"pwdneverexpires":true,"lastlogon":-1,"lastlogontimestamp":-1,"pwdlastset":1645717729,"serviceprincipalnames":[],"hasspn":false,"displayname":"sidorov","email":"sidorov@nand.loc","title":null,"homedirectory":null,"userpassword":null,"admincount":false,"sidhistory":[]},"AllowedToDelegate":[],"SPNTargets":[],"PrimaryGroupSid":"S-1-5-21-575118345-1340977889-3616893645-513","HasSIDHistory":[],"ObjectIdentifier":"S-1-5-21-575118345-1340977889-3616893645-1110","Aces":[{"PrincipalSID":"S-1-5-21-575118345-1340977889-3616893645-512","PrincipalType":"Group","RightName":"Owner","AceType":"","IsInherited":false},{"PrincipalSID":"COMPANY.LOCAL-S-1-5-32-548","PrincipalType":"Group","RightName":"GenericAll","AceType":"","IsInherited":false},{"PrincipalSID":"S-1-5-21-575118345-1340977889-3616893645-512","PrincipalType":"Group","RightName":"GenericAll","AceType":"","IsInherited":false},{"PrincipalSID":"S-1-5-21-575118345-1340977889-3616893645-1135","PrincipalType":"Group","RightName":"ExtendedRight","AceType":"User-Force-Change-Password","IsInherited":true},{"PrincipalSID":"S-1-5-21-575118345-1340977889-3616893645-1135","PrincipalType":"Group","RightName":"WriteDacl","AceType":"","IsInherited":true},{"PrincipalSID":"S-1-5-21-575118345-1340977889-3616893645-519","PrincipalType":"Group","RightName":"GenericAll","AceType":"","IsInherited":true},{"PrincipalSID":"COMPANY.LOCAL-S-1-5-32-544","PrincipalType":"Group","RightName":"WriteDacl","AceType":"","IsInherited":true},{"PrincipalSID":"COMPANY.LOCAL-S-1-5-32-544","PrincipalType":"Group","RightName":"WriteOwner","AceType":"","IsInherited":true},{"PrincipalSID":"COMPANY.LOCAL-S-1-5-32-544","PrincipalType":"Group","RightName":"ExtendedRight","AceType":"All","IsInherited":true},{"PrincipalSID":"COMPANY.LOCAL-S-1-5-32-544","PrincipalType":"Group","RightName":"GenericWrite","AceType":"","IsInherited":true}]},{"Properties":{"highvalue":false,"name":"PETROV@COMPANY.LOCAL","domain":"COMPANY.LOCAL","objectid":"S-1-5-21-575118345-1340977889-3616893645-1109","distinguishedname":"CN=petrov,OU=Allusers,DC=company,DC=local","description":null,"dontreqpreauth":false,"passwordnotreqd":false,"unconstraineddelegation":false,"sensitive":false,"enabled":true,"pwdneverexpires":true,"lastlogon":-1,"lastlogontimestamp":-1,"pwdlastset":1645717729,"serviceprincipalnames":[],"hasspn":false,"displayname":"petrov","email":"petrov@nand.loc","title":null,"homedirectory":null,"userpassword":null,"admincount":false,"sidhistory":[]},"AllowedToDelegate":[],"SPNTargets":[],"PrimaryGroupSid":"S-1-5-21-575118345-1340977889-3616893645-513","HasSIDHistory":[],"ObjectIdentifier":"S-1-5-21-575118345-1340977889-3616893645-1109","Aces":[{"PrincipalSID":"S-1-5-21-575118345-1340977889-3616893645-512","PrincipalType":"Group","RightName":"Owner","AceType":"","IsInherited":false},{"PrincipalSID":"COMPANY.LOCAL-S-1-5-32-548","PrincipalType":"Group","RightName":"GenericAll","AceType":"","IsInherited":false},{"PrincipalSID":"S-1-5-21-575118345-1340977889-3616893645-512","PrincipalType":"Group","RightName":"GenericAll","AceType":"","IsInherited":false},{"PrincipalSID":"S-1-5-21-575118345-1340977889-3616893645-1135","PrincipalType":"Group","RightName":"ExtendedRight","AceType":"User-Force-Change-Password","IsInherited":true},{"PrincipalSID":"S-1-5-21-575118345-1340977889-3616893645-1135","PrincipalType":"Group","RightName":"WriteDacl","AceType":"","IsInherited":true},{"PrincipalSID":"S-1-5-21-575118345-1340977889-3616893645-519","PrincipalType":"Group","RightName":"GenericAll","AceType":"","IsInherited":true},{"PrincipalSID":"COMPANY.LOCAL-S-1-5-32-544","PrincipalType":"Group","RightName":"WriteDacl","AceType":"","IsInherited":true},{"PrincipalSID":"COMPANY.LOCAL-S-1-5-32-544","PrincipalType":"Group","RightName":"WriteOwner","AceType":"","IsInherited":true},{"PrincipalSID":"COMPANY.LOCAL-S-1-5-32-544","PrincipalType":"Group","RightName":"ExtendedRight","AceType":"All","IsInherited":true},{"PrincipalSID":"COMPANY.LOCAL-S-1-5-32-544","PrincipalType":"Group","RightName":"GenericWrite","AceType":"","IsInherited":true}]},{"Properties":{"highvalue":false,"name":"KUZMIN@COMPANY.LOCAL","domain":"COMPANY.LOCAL","objectid":"S-1-5-21-575118345-1340977889-3616893645-1111","distinguishedname":"CN=kuzmin,OU=Allusers,DC=company,DC=local","description":null,"dontreqpreauth":false,"passwordnotreqd":false,"unconstraineddelegation":false,"sensitive":false,"enabled":true,"pwdneverexpires":true,"lastlogon":-1,"lastlogontimestamp":-1,"pwdlastset":1645717729,"serviceprincipalnames":[],"hasspn":false,"displayname":"kuzmin","email":"kuzmin@nand.loc","title":null,"homedirectory":null,"userpassword":null,"admincount":false,"sidhistory":[]},"AllowedToDelegate":[],"SPNTargets":[],"PrimaryGroupSid":"S-1-5-21-575118345-1340977889-3616893645-513","HasSIDHistory":[],"ObjectIdentifier":"S-1-5-21-575118345-1340977889-3616893645-1111","Aces":[{"PrincipalSID":"S-1-5-21-575118345-1340977889-3616893645-512","PrincipalType":"Group","RightName":"Owner","AceType":"","IsInherited":false},{"PrincipalSID":"COMPANY.LOCAL-S-1-5-32-548","PrincipalType":"Group","RightName":"GenericAll","AceType":"","IsInherited":false},{"PrincipalSID":"S-1-5-21-575118345-1340977889-3616893645-512","PrincipalType":"Group","RightName":"GenericAll","AceType":"","IsInherited":false},{"PrincipalSID":"S-1-5-21-575118345-1340977889-3616893645-1135","PrincipalType":"Group","RightName":"ExtendedRight","AceType":"User-Force-Change-Password","IsInherited":true},{"PrincipalSID":"S-1-5-21-575118345-1340977889-3616893645-1135","PrincipalType":"Group","RightName":"WriteDacl","AceType":"","IsInherited":true},{"PrincipalSID":"S-1-5-21-575118345-1340977889-3616893645-519","PrincipalType":"Group","RightName":"GenericAll","AceType":"","IsInherited":true},{"PrincipalSID":"COMPANY.LOCAL-S-1-5-32-544","PrincipalType":"Group","RightName":"WriteDacl","AceType":"","IsInherited":true},{"PrincipalSID":"COMPANY.LOCAL-S-1-5-32-544","PrincipalType":"Group","RightName":"WriteOwner","AceType":"","IsInherited":true},{"PrincipalSID":"COMPANY.LOCAL-S-1-5-32-544","PrincipalType":"Group","RightName":"ExtendedRight","AceType":"All","IsInherited":true},{"PrincipalSID":"COMPANY.LOCAL-S-1-5-32-544","PrincipalType":"Group","RightName":"GenericWrite","AceType":"","IsInherited":true}]},{"Properties":{"highvalue":false,"name":"MARKOV@COMPANY.LOCAL","domain":"COMPANY.LOCAL","objectid":"S-1-5-21-575118345-1340977889-3616893645-1112","distinguishedname":"CN=markov,OU=Allusers,DC=company,DC=local","description":null,"dontreqpreauth":false,"passwordnotreqd":false,"unconstraineddelegation":false,"sensitive":false,"enabled":true,"pwdneverexpires":true,"lastlogon":-1,"lastlogontimestamp":-1,"pwdlastset":1645717729,"serviceprincipalnames":[],"hasspn":false,"displayname":"markov","email":"markov@nand.loc","title":null,"homedirectory":null,"userpassword":null,"admincount":false,"sidhistory":[]},"AllowedToDelegate":[],"SPNTargets":[],"PrimaryGroupSid":"S-1-5-21-575118345-1340977889-3616893645-513","HasSIDHistory":[],"ObjectIdentifier":"S-1-5-21-575118345-1340977889-3616893645-1112","Aces":[{"PrincipalSID":"S-1-5-21-575118345-1340977889-3616893645-512","PrincipalType":"Group","RightName":"Owner","AceType":"","IsInherited":false},{"PrincipalSID":"COMPANY.LOCAL-S-1-5-32-548","PrincipalType":"Group","RightName":"GenericAll","AceType":"","IsInherited":false},{"PrincipalSID":"S-1-5-21-575118345-1340977889-3616893645-512","PrincipalType":"Group","RightName":"GenericAll","AceType":"","IsInherited":false},{"PrincipalSID":"S-1-5-21-575118345-1340977889-3616893645-1135","PrincipalType":"Group","RightName":"ExtendedRight","AceType":"User-Force-Change-Password","IsInherited":true},{"PrincipalSID":"S-1-5-21-575118345-1340977889-3616893645-1135","PrincipalType":"Group","RightName":"WriteDacl","AceType":"","IsInherited":true},{"PrincipalSID":"S-1-5-21-575118345-1340977889-3616893645-519","PrincipalType":"Group","RightName":"GenericAll","AceType":"","IsInherited":true},{"PrincipalSID":"COMPANY.LOCAL-S-1-5-32-544","PrincipalType":"Group","RightName":"WriteDacl","AceType":"","IsInherited":true},{"PrincipalSID":"COMPANY.LOCAL-S-1-5-32-544","PrincipalType":"Group","RightName":"WriteOwner","AceType":"","IsInherited":true},{"PrincipalSID":"COMPANY.LOCAL-S-1-5-32-544","PrincipalType":"Group","RightName":"ExtendedRight","AceType":"All","IsInherited":true},{"PrincipalSID":"COMPANY.LOCAL-S-1-5-32-544","PrincipalType":"Group","RightName":"GenericWrite","AceType":"","IsInherited":true}]},{"Properties":{"highvalue":false,"name":"FEDOROV@COMPANY.LOCAL","domain":"COMPANY.LOCAL","objectid":"S-1-5-21-575118345-1340977889-3616893645-1113","distinguishedname":"CN=fedorov,OU=Allusers,DC=company,DC=local","description":null,"dontreqpreauth":false,"passwordnotreqd":false,"unconstraineddelegation":false,"sensitive":false,"enabled":true,"pwdneverexpires":true,"lastlogon":-1,"lastlogontimestamp":-1,"pwdlastset":1645717729,"serviceprincipalnames":[],"hasspn":false,"displayname":null,"email":null,"title":null,"homedirectory":null,"userpassword":null,"admincount":true,"sidhistory":[]},"AllowedToDelegate":[],"SPNTargets":[],"PrimaryGroupSid":"S-1-5-21-575118345-1340977889-3616893645-513","HasSIDHistory":[],"ObjectIdentifier":"S-1-5-21-575118345-1340977889-3616893645-1113","Aces":[{"PrincipalSID":"S-1-5-21-575118345-1340977889-3616893645-512","PrincipalType":"Group","RightName":"Owner","AceType":"","IsInherited":false},{"PrincipalSID":"COMPANY.LOCAL-S-1-5-32-544","PrincipalType":"Group","RightName":"WriteDacl","AceType":"","IsInherited":false},{"PrincipalSID":"COMPANY.LOCAL-S-1-5-32-544","PrincipalType":"Group","RightName":"WriteOwner","AceType":"","IsInherited":false},{"PrincipalSID":"COMPANY.LOCAL-S-1-5-32-544","PrincipalType":"Group","RightName":"ExtendedRight","AceType":"All","IsInherited":false},{"PrincipalSID":"COMPANY.LOCAL-S-1-5-32-544","PrincipalType":"Group","RightName":"GenericWrite","AceType":"","IsInherited":false},{"PrincipalSID":"S-1-5-21-575118345-1340977889-3616893645-512","PrincipalType":"Group","RightName":"WriteDacl","AceType":"","IsInherited":false},{"PrincipalSID":"S-1-5-21-575118345-1340977889-3616893645-512","PrincipalType":"Group","RightName":"WriteOwner","AceType":"","IsInherited":false},{"PrincipalSID":"S-1-5-21-575118345-1340977889-3616893645-512","PrincipalType":"Group","RightName":"ExtendedRight","AceType":"All","IsInherited":false},{"PrincipalSID":"S-1-5-21-575118345-1340977889-3616893645-512","PrincipalType":"Group","RightName":"GenericWrite","AceType":"","IsInherited":false},{"PrincipalSID":"S-1-5-21-575118345-1340977889-3616893645-519","PrincipalType":"Group","RightName":"WriteDacl","AceType":"","IsInherited":false},{"PrincipalSID":"S-1-5-21-575118345-1340977889-3616893645-519","PrincipalType":"Group","RightName":"WriteOwner","AceType":"","IsInherited":false},{"PrincipalSID":"S-1-5-21-575118345-1340977889-3616893645-519","PrincipalType":"Group","RightName":"ExtendedRight","AceType":"All","IsInherited":false},{"PrincipalSID":"S-1-5-21-575118345-1340977889-3616893645-519","PrincipalType":"Group","RightName":"GenericWrite","AceType":"","IsInherited":false}]},{"Properties":{"highvalue":false,"name":"FROLOV@COMPANY.LOCAL","domain":"COMPANY.LOCAL","objectid":"S-1-5-21-575118345-1340977889-3616893645-1114","distinguishedname":"CN=frolov,OU=Allusers,DC=company,DC=local","description":null,"dontreqpreauth":false,"passwordnotreqd":false,"unconstraineddelegation":false,"sensitive":false,"enabled":true,"pwdneverexpires":true,"lastlogon":-1,"lastlogontimestamp":-1,"pwdlastset":1645717730,"serviceprincipalnames":[],"hasspn":false,"displayname":"frolov","email":"frolov@nand.loc","title":null,"homedirectory":null,"userpassword":null,"admincount":false,"sidhistory":[]},"AllowedToDelegate":[],"SPNTargets":[],"PrimaryGroupSid":"S-1-5-21-575118345-1340977889-3616893645-513","HasSIDHistory":[],"ObjectIdentifier":"S-1-5-21-575118345-1340977889-3616893645-1114","Aces":[{"PrincipalSID":"S-1-5-21-575118345-1340977889-3616893645-512","PrincipalType":"Group","RightName":"Owner","AceType":"","IsInherited":false},{"PrincipalSID":"COMPANY.LOCAL-S-1-5-32-548","PrincipalType":"Group","RightName":"GenericAll","AceType":"","IsInherited":false},{"PrincipalSID":"S-1-5-21-575118345-1340977889-3616893645-512","PrincipalType":"Group","RightName":"GenericAll","AceType":"","IsInherited":false},{"PrincipalSID":"S-1-5-21-575118345-1340977889-3616893645-1135","PrincipalType":"Group","RightName":"ExtendedRight","AceType":"User-Force-Change-Password","IsInherited":true},{"PrincipalSID":"S-1-5-21-575118345-1340977889-3616893645-1135","PrincipalType":"Group","RightName":"WriteDacl","AceType":"","IsInherited":true},{"PrincipalSID":"S-1-5-21-575118345-1340977889-3616893645-519","PrincipalType":"Group","RightName":"GenericAll","AceType":"","IsInherited":true},{"PrincipalSID":"COMPANY.LOCAL-S-1-5-32-544","PrincipalType":"Group","RightName":"WriteDacl","AceType":"","IsInherited":true},{"PrincipalSID":"COMPANY.LOCAL-S-1-5-32-544","PrincipalType":"Group","RightName":"WriteOwner","AceType":"","IsInherited":true},{"PrincipalSID":"COMPANY.LOCAL-S-1-5-32-544","PrincipalType":"Group","RightName":"ExtendedRight","AceType":"All","IsInherited":true},{"PrincipalSID":"COMPANY.LOCAL-S-1-5-32-544","PrincipalType":"Group","RightName":"GenericWrite","AceType":"","IsInherited":true}]},{"Properties":{"highvalue":false,"name":"BORISOV@COMPANY.LOCAL","domain":"COMPANY.LOCAL","objectid":"S-1-5-21-575118345-1340977889-3616893645-1116","distinguishedname":"CN=borisov,OU=Allusers,DC=company,DC=local","description":null,"dontreqpreauth":false,"passwordnotreqd":false,"unconstraineddelegation":false,"sensitive":false,"enabled":true,"pwdneverexpires":true,"lastlogon":-1,"lastlogontimestamp":-1,"pwdlastset":1645717730,"serviceprincipalnames":[],"hasspn":false,"displayname":"borisov","email":"borisov@nand.loc","title":null,"homedirectory":null,"userpassword":null,"admincount":false,"sidhistory":[]},"AllowedToDelegate":[],"SPNTargets":[],"PrimaryGroupSid":"S-1-5-21-575118345-1340977889-3616893645-513","HasSIDHistory":[],"ObjectIdentifier":"S-1-5-21-575118345-1340977889-3616893645-1116","Aces":[{"PrincipalSID":"S-1-5-21-575118345-1340977889-3616893645-512","PrincipalType":"Group","RightName":"Owner","AceType":"","IsInherited":false},{"PrincipalSID":"COMPANY.LOCAL-S-1-5-32-548","PrincipalType":"Group","RightName":"GenericAll","AceType":"","IsInherited":false},{"PrincipalSID":"S-1-5-21-575118345-1340977889-3616893645-512","PrincipalType":"Group","RightName":"GenericAll","AceType":"","IsInherited":false},{"PrincipalSID":"S-1-5-21-575118345-1340977889-3616893645-1135","PrincipalType":"Group","RightName":"ExtendedRight","AceType":"User-Force-Change-Password","IsInherited":true},{"PrincipalSID":"S-1-5-21-575118345-1340977889-3616893645-1135","PrincipalType":"Group","RightName":"WriteDacl","AceType":"","IsInherited":true},{"PrincipalSID":"S-1-5-21-575118345-1340977889-3616893645-519","PrincipalType":"Group","RightName":"GenericAll","AceType":"","IsInherited":true},{"PrincipalSID":"COMPANY.LOCAL-S-1-5-32-544","PrincipalType":"Group","RightName":"WriteDacl","AceType":"","IsInherited":true},{"PrincipalSID":"COMPANY.LOCAL-S-1-5-32-544","PrincipalType":"Group","RightName":"WriteOwner","AceType":"","IsInherited":true},{"PrincipalSID":"COMPANY.LOCAL-S-1-5-32-544","PrincipalType":"Group","RightName":"ExtendedRight","AceType":"All","IsInherited":true},{"PrincipalSID":"COMPANY.LOCAL-S-1-5-32-544","PrincipalType":"Group","RightName":"GenericWrite","AceType":"","IsInherited":true}]},{"Properties":{"highvalue":false,"name":"$H31000-B6L6AVN7PBQF@COMPANY.LOCAL","domain":"COMPANY.LOCAL","objectid":"S-1-5-21-575118345-1340977889-3616893645-1137","distinguishedname":"CN=Exchange Online-ApplicationAccount,CN=Users,DC=company,DC=local","description":null,"dontreqpreauth":false,"passwordnotreqd":true,"unconstraineddelegation":false,"sensitive":false,"enabled":false,"pwdneverexpires":false,"lastlogon":-1,"lastlogontimestamp":-1,"pwdlastset":-1,"serviceprincipalnames":[],"hasspn":false,"displayname":null,"email":null,"title":null,"homedirectory":null,"userpassword":null,"admincount":false,"sidhistory":[]},"AllowedToDelegate":[],"SPNTargets":[],"PrimaryGroupSid":"S-1-5-21-575118345-1340977889-3616893645-513","HasSIDHistory":[],"ObjectIdentifier":"S-1-5-21-575118345-1340977889-3616893645-1137","Aces":[{"PrincipalSID":"S-1-5-21-575118345-1340977889-3616893645-512","PrincipalType":"Group","RightName":"Owner","AceType":"","IsInherited":false},{"PrincipalSID":"COMPANY.LOCAL-S-1-5-32-548","PrincipalType":"Group","RightName":"GenericAll","AceType":"","IsInherited":false},{"PrincipalSID":"S-1-5-21-575118345-1340977889-3616893645-512","PrincipalType":"Group","RightName":"GenericAll","AceType":"","IsInherited":false},{"PrincipalSID":"S-1-5-21-575118345-1340977889-3616893645-1135","PrincipalType":"Group","RightName":"ExtendedRight","AceType":"User-Force-Change-Password","IsInherited":true},{"PrincipalSID":"S-1-5-21-575118345-1340977889-3616893645-1135","PrincipalType":"Group","RightName":"WriteDacl","AceType":"","IsInherited":true},{"PrincipalSID":"S-1-5-21-575118345-1340977889-3616893645-519","PrincipalType":"Group","RightName":"GenericAll","AceType":"","IsInherited":true},{"PrincipalSID":"COMPANY.LOCAL-S-1-5-32-544","PrincipalType":"Group","RightName":"WriteDacl","AceType":"","IsInherited":true},{"PrincipalSID":"COMPANY.LOCAL-S-1-5-32-544","PrincipalType":"Group","RightName":"WriteOwner","AceType":"","IsInherited":true},{"PrincipalSID":"COMPANY.LOCAL-S-1-5-32-544","PrincipalType":"Group","RightName":"ExtendedRight","AceType":"All","IsInherited":true},{"PrincipalSID":"COMPANY.LOCAL-S-1-5-32-544","PrincipalType":"Group","RightName":"GenericWrite","AceType":"","IsInherited":true}]},{"Properties":{"highvalue":false,"name":"MOROZOV@COMPANY.LOCAL","domain":"COMPANY.LOCAL","objectid":"S-1-5-21-575118345-1340977889-3616893645-1115","distinguishedname":"CN=morozov,OU=Allusers,DC=company,DC=local","description":null,"dontreqpreauth":false,"passwordnotreqd":false,"unconstraineddelegation":false,"sensitive":false,"enabled":true,"pwdneverexpires":true,"lastlogon":-1,"lastlogontimestamp":-1,"pwdlastset":1645717730,"serviceprincipalnames":[],"hasspn":false,"displayname":"morozov","email":"morozov@nand.loc","title":null,"homedirectory":null,"userpassword":null,"admincount":false,"sidhistory":[]},"AllowedToDelegate":[],"SPNTargets":[],"PrimaryGroupSid":"S-1-5-21-575118345-1340977889-3616893645-513","HasSIDHistory":[],"ObjectIdentifier":"S-1-5-21-575118345-1340977889-3616893645-1115","Aces":[{"PrincipalSID":"S-1-5-21-575118345-1340977889-3616893645-512","PrincipalType":"Group","RightName":"Owner","AceType":"","IsInherited":false},{"PrincipalSID":"COMPANY.LOCAL-S-1-5-32-548","PrincipalType":"Group","RightName":"GenericAll","AceType":"","IsInherited":false},{"PrincipalSID":"S-1-5-21-575118345-1340977889-3616893645-512","PrincipalType":"Group","RightName":"GenericAll","AceType":"","IsInherited":false},{"PrincipalSID":"S-1-5-21-575118345-1340977889-3616893645-1135","PrincipalType":"Group","RightName":"ExtendedRight","AceType":"User-Force-Change-Password","IsInherited":true},{"PrincipalSID":"S-1-5-21-575118345-1340977889-3616893645-1135","PrincipalType":"Group","RightName":"WriteDacl","AceType":"","IsInherited":true},{"PrincipalSID":"S-1-5-21-575118345-1340977889-3616893645-519","PrincipalType":"Group","RightName":"GenericAll","AceType":"","IsInherited":true},{"PrincipalSID":"COMPANY.LOCAL-S-1-5-32-544","PrincipalType":"Group","RightName":"WriteDacl","AceType":"","IsInherited":true},{"PrincipalSID":"COMPANY.LOCAL-S-1-5-32-544","PrincipalType":"Group","RightName":"WriteOwner","AceType":"","IsInherited":true},{"PrincipalSID":"COMPANY.LOCAL-S-1-5-32-544","PrincipalType":"Group","RightName":"ExtendedRight","AceType":"All","IsInherited":true},{"PrincipalSID":"COMPANY.LOCAL-S-1-5-32-544","PrincipalType":"Group","RightName":"GenericWrite","AceType":"","IsInherited":true}]},{"Properties":{"highvalue":false,"name":"CADM@COMPANY.LOCAL","domain":"COMPANY.LOCAL","objectid":"S-1-5-21-575118345-1340977889-3616893645-1000","distinguishedname":"CN=cadm,CN=Users,DC=company,DC=local","description":null,"dontreqpreauth":false,"passwordnotreqd":false,"unconstraineddelegation":false,"sensitive":false,"enabled":true,"pwdneverexpires":true,"lastlogon":1645721647,"lastlogontimestamp":1646849828,"pwdlastset":1645716499,"serviceprincipalnames":[],"hasspn":false,"displayname":"cadm","email":"cadm@company.local","title":null,"homedirectory":null,"userpassword":null,"admincount":true,"sidhistory":[]},"AllowedToDelegate":[],"SPNTargets":[],"PrimaryGroupSid":"S-1-5-21-575118345-1340977889-3616893645-513","HasSIDHistory":[],"ObjectIdentifier":"S-1-5-21-575118345-1340977889-3616893645-1000","Aces":[{"PrincipalSID":"S-1-5-21-575118345-1340977889-3616893645-512","PrincipalType":"Group","RightName":"Owner","AceType":"","IsInherited":false},{"PrincipalSID":"COMPANY.LOCAL-S-1-5-32-544","PrincipalType":"Group","RightName":"WriteDacl","AceType":"","IsInherited":false},{"PrincipalSID":"COMPANY.LOCAL-S-1-5-32-544","PrincipalType":"Group","RightName":"WriteOwner","AceType":"","IsInherited":false},{"PrincipalSID":"COMPANY.LOCAL-S-1-5-32-544","PrincipalType":"Group","RightName":"ExtendedRight","AceType":"All","IsInherited":false},{"PrincipalSID":"COMPANY.LOCAL-S-1-5-32-544","PrincipalType":"Group","RightName":"GenericWrite","AceType":"","IsInherited":false},{"PrincipalSID":"S-1-5-21-575118345-1340977889-3616893645-512","PrincipalType":"Group","RightName":"WriteDacl","AceType":"","IsInherited":false},{"PrincipalSID":"S-1-5-21-575118345-1340977889-3616893645-512","PrincipalType":"Group","RightName":"WriteOwner","AceType":"","IsInherited":false},{"PrincipalSID":"S-1-5-21-575118345-1340977889-3616893645-512","PrincipalType":"Group","RightName":"ExtendedRight","AceType":"All","IsInherited":false},{"PrincipalSID":"S-1-5-21-575118345-1340977889-3616893645-512","PrincipalType":"Group","RightName":"GenericWrite","AceType":"","IsInherited":false},{"PrincipalSID":"S-1-5-21-575118345-1340977889-3616893645-519","PrincipalType":"Group","RightName":"WriteDacl","AceType":"","IsInherited":false},{"PrincipalSID":"S-1-5-21-575118345-1340977889-3616893645-519","PrincipalType":"Group","RightName":"WriteOwner","AceType":"","IsInherited":false},{"PrincipalSID":"S-1-5-21-575118345-1340977889-3616893645-519","PrincipalType":"Group","RightName":"ExtendedRight","AceType":"All","IsInherited":false},{"PrincipalSID":"S-1-5-21-575118345-1340977889-3616893645-519","PrincipalType":"Group","RightName":"GenericWrite","AceType":"","IsInherited":false}]},{"Properties":{"highvalue":false,"name":"SM_8E5643D85E864C6DA@COMPANY.LOCAL","domain":"COMPANY.LOCAL","objectid":"S-1-5-21-575118345-1340977889-3616893645-1139","distinguishedname":"CN=SystemMailbox{bb558c35-97f1-4cb9-8ff7-d53741dc928c},CN=Users,DC=company,DC=local","description":null,"dontreqpreauth":false,"passwordnotreqd":false,"unconstraineddelegation":false,"sensitive":false,"enabled":false,"pwdneverexpires":false,"lastlogon":-1,"lastlogontimestamp":-1,"pwdlastset":-1,"serviceprincipalnames":[],"hasspn":false,"displayname":"Microsoft Exchange","email":"SystemMailbox{bb558c35-97f1-4cb9-8ff7-d53741dc928c}@company.local","title":null,"homedirectory":null,"userpassword":null,"admincount":false,"sidhistory":[]},"AllowedToDelegate":[],"SPNTargets":[],"PrimaryGroupSid":"S-1-5-21-575118345-1340977889-3616893645-513","HasSIDHistory":[],"ObjectIdentifier":"S-1-5-21-575118345-1340977889-3616893645-1139","Aces":[{"PrincipalSID":"S-1-5-21-575118345-1340977889-3616893645-512","PrincipalType":"Group","RightName":"Owner","AceType":"","IsInherited":false},{"PrincipalSID":"COMPANY.LOCAL-S-1-5-32-548","PrincipalType":"Group","RightName":"GenericAll","AceType":"","IsInherited":false},{"PrincipalSID":"S-1-5-21-575118345-1340977889-3616893645-512","PrincipalType":"Group","RightName":"GenericAll","AceType":"","IsInherited":false},{"PrincipalSID":"S-1-5-21-575118345-1340977889-3616893645-1118","PrincipalType":"Group","RightName":"GenericAll","AceType":"","IsInherited":false},{"PrincipalSID":"S-1-5-21-575118345-1340977889-3616893645-1135","PrincipalType":"Group","RightName":"ExtendedRight","AceType":"User-Force-Change-Password","IsInherited":true},{"PrincipalSID":"S-1-5-21-575118345-1340977889-3616893645-1135","PrincipalType":"Group","RightName":"WriteDacl","AceType":"","IsInherited":true},{"PrincipalSID":"S-1-5-21-575118345-1340977889-3616893645-519","PrincipalType":"Group","RightName":"GenericAll","AceType":"","IsInherited":true},{"PrincipalSID":"COMPANY.LOCAL-S-1-5-32-544","PrincipalType":"Group","RightName":"WriteDacl","AceType":"","IsInherited":true},{"PrincipalSID":"COMPANY.LOCAL-S-1-5-32-544","PrincipalType":"Group","RightName":"WriteOwner","AceType":"","IsInherited":true},{"PrincipalSID":"COMPANY.LOCAL-S-1-5-32-544","PrincipalType":"Group","RightName":"ExtendedRight","AceType":"All","IsInherited":true},{"PrincipalSID":"COMPANY.LOCAL-S-1-5-32-544","PrincipalType":"Group","RightName":"GenericWrite","AceType":"","IsInherited":true}]},{"Properties":{"highvalue":false,"name":"SM_FCE91E2C8A704C9FB@COMPANY.LOCAL","domain":"COMPANY.LOCAL","objectid":"S-1-5-21-575118345-1340977889-3616893645-1141","distinguishedname":"CN=DiscoverySearchMailbox {D919BA05-46A6-415f-80AD-7E09334BB852},CN=Users,DC=company,DC=local","description":null,"dontreqpreauth":false,"passwordnotreqd":false,"unconstraineddelegation":false,"sensitive":false,"enabled":false,"pwdneverexpires":false,"lastlogon":-1,"lastlogontimestamp":-1,"pwdlastset":-1,"serviceprincipalnames":[],"hasspn":false,"displayname":"Discovery Search Mailbox","email":"DiscoverySearchMailbox{D919BA05-46A6-415f-80AD-7E09334BB852}@company.local","title":null,"homedirectory":null,"userpassword":null,"admincount":false,"sidhistory":[]},"AllowedToDelegate":[],"SPNTargets":[],"PrimaryGroupSid":"S-1-5-21-575118345-1340977889-3616893645-513","HasSIDHistory":[],"ObjectIdentifier":"S-1-5-21-575118345-1340977889-3616893645-1141","Aces":[{"PrincipalSID":"S-1-5-21-575118345-1340977889-3616893645-512","PrincipalType":"Group","RightName":"Owner","AceType":"","IsInherited":false},{"PrincipalSID":"COMPANY.LOCAL-S-1-5-32-548","PrincipalType":"Group","RightName":"GenericAll","AceType":"","IsInherited":false},{"PrincipalSID":"S-1-5-21-575118345-1340977889-3616893645-512","PrincipalType":"Group","RightName":"GenericAll","AceType":"","IsInherited":false},{"PrincipalSID":"S-1-5-21-575118345-1340977889-3616893645-1118","PrincipalType":"Group","RightName":"GenericAll","AceType":"","IsInherited":false},{"PrincipalSID":"S-1-5-21-575118345-1340977889-3616893645-1135","PrincipalType":"Group","RightName":"ExtendedRight","AceType":"User-Force-Change-Password","IsInherited":true},{"PrincipalSID":"S-1-5-21-575118345-1340977889-3616893645-1135","PrincipalType":"Group","RightName":"WriteDacl","AceType":"","IsInherited":true},{"PrincipalSID":"S-1-5-21-575118345-1340977889-3616893645-519","PrincipalType":"Group","RightName":"GenericAll","AceType":"","IsInherited":true},{"PrincipalSID":"COMPANY.LOCAL-S-1-5-32-544","PrincipalType":"Group","RightName":"WriteDacl","AceType":"","IsInherited":true},{"PrincipalSID":"COMPANY.LOCAL-S-1-5-32-544","PrincipalType":"Group","RightName":"WriteOwner","AceType":"","IsInherited":true},{"PrincipalSID":"COMPANY.LOCAL-S-1-5-32-544","PrincipalType":"Group","RightName":"ExtendedRight","AceType":"All","IsInherited":true},{"PrincipalSID":"COMPANY.LOCAL-S-1-5-32-544","PrincipalType":"Group","RightName":"GenericWrite","AceType":"","IsInherited":true}]},{"Properties":{"highvalue":false,"name":"SM_2874B91E2C984E65B@COMPANY.LOCAL","domain":"COMPANY.LOCAL","objectid":"S-1-5-21-575118345-1340977889-3616893645-1142","distinguishedname":"CN=Migration.8f3e7716-2011-43e4-96b1-aba62d229136,CN=Users,DC=company,DC=local","description":null,"dontreqpreauth":false,"passwordnotreqd":false,"unconstraineddelegation":false,"sensitive":false,"enabled":false,"pwdneverexpires":false,"lastlogon":-1,"lastlogontimestamp":-1,"pwdlastset":-1,"serviceprincipalnames":[],"hasspn":false,"displayname":"Microsoft Exchange Migration","email":"Migration.8f3e7716-2011-43e4-96b1-aba62d229136@company.local","title":null,"homedirectory":null,"userpassword":null,"admincount":false,"sidhistory":[]},"AllowedToDelegate":[],"SPNTargets":[],"PrimaryGroupSid":"S-1-5-21-575118345-1340977889-3616893645-513","HasSIDHistory":[],"ObjectIdentifier":"S-1-5-21-575118345-1340977889-3616893645-1142","Aces":[{"PrincipalSID":"S-1-5-21-575118345-1340977889-3616893645-512","PrincipalType":"Group","RightName":"Owner","AceType":"","IsInherited":false},{"PrincipalSID":"COMPANY.LOCAL-S-1-5-32-548","PrincipalType":"Group","RightName":"GenericAll","AceType":"","IsInherited":false},{"PrincipalSID":"S-1-5-21-575118345-1340977889-3616893645-512","PrincipalType":"Group","RightName":"GenericAll","AceType":"","IsInherited":false},{"PrincipalSID":"S-1-5-21-575118345-1340977889-3616893645-1118","PrincipalType":"Group","RightName":"GenericAll","AceType":"","IsInherited":false},{"PrincipalSID":"S-1-5-21-575118345-1340977889-3616893645-1135","PrincipalType":"Group","RightName":"ExtendedRight","AceType":"User-Force-Change-Password","IsInherited":true},{"PrincipalSID":"S-1-5-21-575118345-1340977889-3616893645-1135","PrincipalType":"Group","RightName":"WriteDacl","AceType":"","IsInherited":true},{"PrincipalSID":"S-1-5-21-575118345-1340977889-3616893645-519","PrincipalType":"Group","RightName":"GenericAll","AceType":"","IsInherited":true},{"PrincipalSID":"COMPANY.LOCAL-S-1-5-32-544","PrincipalType":"Group","RightName":"WriteDacl","AceType":"","IsInherited":true},{"PrincipalSID":"COMPANY.LOCAL-S-1-5-32-544","PrincipalType":"Group","RightName":"WriteOwner","AceType":"","IsInherited":true},{"PrincipalSID":"COMPANY.LOCAL-S-1-5-32-544","PrincipalType":"Group","RightName":"ExtendedRight","AceType":"All","IsInherited":true},{"PrincipalSID":"COMPANY.LOCAL-S-1-5-32-544","PrincipalType":"Group","RightName":"GenericWrite","AceType":"","IsInherited":true}]},{"Properties":{"highvalue":false,"name":"SM_18D4FC3841D240889@COMPANY.LOCAL","domain":"COMPANY.LOCAL","objectid":"S-1-5-21-575118345-1340977889-3616893645-1138","distinguishedname":"CN=SystemMailbox{1f05a927-42a3-4191-b8af-c70b44fba280},CN=Users,DC=company,DC=local","description":null,"dontreqpreauth":false,"passwordnotreqd":false,"unconstraineddelegation":false,"sensitive":false,"enabled":false,"pwdneverexpires":false,"lastlogon":-1,"lastlogontimestamp":-1,"pwdlastset":-1,"serviceprincipalnames":[],"hasspn":false,"displayname":"Microsoft Exchange Approval Assistant","email":"SystemMailbox{1f05a927-42a3-4191-b8af-c70b44fba280}@company.local","title":null,"homedirectory":null,"userpassword":null,"admincount":false,"sidhistory":[]},"AllowedToDelegate":[],"SPNTargets":[],"PrimaryGroupSid":"S-1-5-21-575118345-1340977889-3616893645-513","HasSIDHistory":[],"ObjectIdentifier":"S-1-5-21-575118345-1340977889-3616893645-1138","Aces":[{"PrincipalSID":"S-1-5-21-575118345-1340977889-3616893645-512","PrincipalType":"Group","RightName":"Owner","AceType":"","IsInherited":false},{"PrincipalSID":"COMPANY.LOCAL-S-1-5-32-548","PrincipalType":"Group","RightName":"GenericAll","AceType":"","IsInherited":false},{"PrincipalSID":"S-1-5-21-575118345-1340977889-3616893645-512","PrincipalType":"Group","RightName":"GenericAll","AceType":"","IsInherited":false},{"PrincipalSID":"S-1-5-21-575118345-1340977889-3616893645-1118","PrincipalType":"Group","RightName":"GenericAll","AceType":"","IsInherited":false},{"PrincipalSID":"S-1-5-21-575118345-1340977889-3616893645-1135","PrincipalType":"Group","RightName":"ExtendedRight","AceType":"User-Force-Change-Password","IsInherited":true},{"PrincipalSID":"S-1-5-21-575118345-1340977889-3616893645-1135","PrincipalType":"Group","RightName":"WriteDacl","AceType":"","IsInherited":true},{"PrincipalSID":"S-1-5-21-575118345-1340977889-3616893645-519","PrincipalType":"Group","RightName":"GenericAll","AceType":"","IsInherited":true},{"PrincipalSID":"COMPANY.LOCAL-S-1-5-32-544","PrincipalType":"Group","RightName":"WriteDacl","AceType":"","IsInherited":true},{"PrincipalSID":"COMPANY.LOCAL-S-1-5-32-544","PrincipalType":"Group","RightName":"WriteOwner","AceType":"","IsInherited":true},{"PrincipalSID":"COMPANY.LOCAL-S-1-5-32-544","PrincipalType":"Group","RightName":"ExtendedRight","AceType":"All","IsInherited":true},{"PrincipalSID":"COMPANY.LOCAL-S-1-5-32-544","PrincipalType":"Group","RightName":"GenericWrite","AceType":"","IsInherited":true}]},{"Properties":{"highvalue":false,"name":"SM_1E2CBA5B1BB74E6D9@COMPANY.LOCAL","domain":"COMPANY.LOCAL","objectid":"S-1-5-21-575118345-1340977889-3616893645-1144","distinguishedname":"CN=SystemMailbox{D0E409A0-AF9B-4720-92FE-AAC869B0D201},CN=Users,DC=company,DC=local","description":null,"dontreqpreauth":false,"passwordnotreqd":false,"unconstraineddelegation":false,"sensitive":false,"enabled":false,"pwdneverexpires":false,"lastlogon":-1,"lastlogontimestamp":-1,"pwdlastset":-1,"serviceprincipalnames":[],"hasspn":false,"displayname":"E4E Encryption Store - Active","email":"SystemMailbox{D0E409A0-AF9B-4720-92FE-AAC869B0D201}@company.local","title":null,"homedirectory":null,"userpassword":null,"admincount":false,"sidhistory":[]},"AllowedToDelegate":[],"SPNTargets":[],"PrimaryGroupSid":"S-1-5-21-575118345-1340977889-3616893645-513","HasSIDHistory":[],"ObjectIdentifier":"S-1-5-21-575118345-1340977889-3616893645-1144","Aces":[{"PrincipalSID":"S-1-5-21-575118345-1340977889-3616893645-512","PrincipalType":"Group","RightName":"Owner","AceType":"","IsInherited":false},{"PrincipalSID":"COMPANY.LOCAL-S-1-5-32-548","PrincipalType":"Group","RightName":"GenericAll","AceType":"","IsInherited":false},{"PrincipalSID":"S-1-5-21-575118345-1340977889-3616893645-512","PrincipalType":"Group","RightName":"GenericAll","AceType":"","IsInherited":false},{"PrincipalSID":"S-1-5-21-575118345-1340977889-3616893645-1118","PrincipalType":"Group","RightName":"GenericAll","AceType":"","IsInherited":false},{"PrincipalSID":"S-1-5-21-575118345-1340977889-3616893645-1135","PrincipalType":"Group","RightName":"ExtendedRight","AceType":"User-Force-Change-Password","IsInherited":true},{"PrincipalSID":"S-1-5-21-575118345-1340977889-3616893645-1135","PrincipalType":"Group","RightName":"WriteDacl","AceType":"","IsInherited":true},{"PrincipalSID":"S-1-5-21-575118345-1340977889-3616893645-519","PrincipalType":"Group","RightName":"GenericAll","AceType":"","IsInherited":true},{"PrincipalSID":"COMPANY.LOCAL-S-1-5-32-544","PrincipalType":"Group","RightName":"WriteDacl","AceType":"","IsInherited":true},{"PrincipalSID":"COMPANY.LOCAL-S-1-5-32-544","PrincipalType":"Group","RightName":"WriteOwner","AceType":"","IsInherited":true},{"PrincipalSID":"COMPANY.LOCAL-S-1-5-32-544","PrincipalType":"Group","RightName":"ExtendedRight","AceType":"All","IsInherited":true},{"PrincipalSID":"COMPANY.LOCAL-S-1-5-32-544","PrincipalType":"Group","RightName":"GenericWrite","AceType":"","IsInherited":true}]},{"Properties":{"highvalue":false,"name":"SM_261CBD87497C44E39@COMPANY.LOCAL","domain":"COMPANY.LOCAL","objectid":"S-1-5-21-575118345-1340977889-3616893645-1140","distinguishedname":"CN=SystemMailbox{e0dc1c29-89c3-4034-b678-e6c29d823ed9},CN=Users,DC=company,DC=local","description":null,"dontreqpreauth":false,"passwordnotreqd":false,"unconstraineddelegation":false,"sensitive":false,"enabled":false,"pwdneverexpires":false,"lastlogon":-1,"lastlogontimestamp":-1,"pwdlastset":-1,"serviceprincipalnames":[],"hasspn":false,"displayname":"Microsoft Exchange","email":"SystemMailbox{e0dc1c29-89c3-4034-b678-e6c29d823ed9}@company.local","title":null,"homedirectory":null,"userpassword":null,"admincount":false,"sidhistory":[]},"AllowedToDelegate":[],"SPNTargets":[],"PrimaryGroupSid":"S-1-5-21-575118345-1340977889-3616893645-513","HasSIDHistory":[],"ObjectIdentifier":"S-1-5-21-575118345-1340977889-3616893645-1140","Aces":[{"PrincipalSID":"S-1-5-21-575118345-1340977889-3616893645-512","PrincipalType":"Group","RightName":"Owner","AceType":"","IsInherited":false},{"PrincipalSID":"COMPANY.LOCAL-S-1-5-32-548","PrincipalType":"Group","RightName":"GenericAll","AceType":"","IsInherited":false},{"PrincipalSID":"S-1-5-21-575118345-1340977889-3616893645-512","PrincipalType":"Group","RightName":"GenericAll","AceType":"","IsInherited":false},{"PrincipalSID":"S-1-5-21-575118345-1340977889-3616893645-1118","PrincipalType":"Group","RightName":"GenericAll","AceType":"","IsInherited":false},{"PrincipalSID":"S-1-5-21-575118345-1340977889-3616893645-1135","PrincipalType":"Group","RightName":"ExtendedRight","AceType":"User-Force-Change-Password","IsInherited":true},{"PrincipalSID":"S-1-5-21-575118345-1340977889-3616893645-1135","PrincipalType":"Group","RightName":"WriteDacl","AceType":"","IsInherited":true},{"PrincipalSID":"S-1-5-21-575118345-1340977889-3616893645-519","PrincipalType":"Group","RightName":"GenericAll","AceType":"","IsInherited":true},{"PrincipalSID":"COMPANY.LOCAL-S-1-5-32-544","PrincipalType":"Group","RightName":"WriteDacl","AceType":"","IsInherited":true},{"PrincipalSID":"COMPANY.LOCAL-S-1-5-32-544","PrincipalType":"Group","RightName":"WriteOwner","AceType":"","IsInherited":true},{"PrincipalSID":"COMPANY.LOCAL-S-1-5-32-544","PrincipalType":"Group","RightName":"ExtendedRight","AceType":"All","IsInherited":true},{"PrincipalSID":"COMPANY.LOCAL-S-1-5-32-544","PrincipalType":"Group","RightName":"GenericWrite","AceType":"","IsInherited":true}]},{"Properties":{"highvalue":false,"name":"SM_3CF460BB2B8047E48@COMPANY.LOCAL","domain":"COMPANY.LOCAL","objectid":"S-1-5-21-575118345-1340977889-3616893645-1145","distinguishedname":"CN=SystemMailbox{2CE34405-31BE-455D-89D7-A7C7DA7A0DAA},CN=Users,DC=company,DC=local","description":null,"dontreqpreauth":false,"passwordnotreqd":false,"unconstraineddelegation":false,"sensitive":false,"enabled":false,"pwdneverexpires":false,"lastlogon":-1,"lastlogontimestamp":-1,"pwdlastset":-1,"serviceprincipalnames":[],"hasspn":false,"displayname":"Microsoft Exchange","email":"SystemMailbox{2CE34405-31BE-455D-89D7-A7C7DA7A0DAA}@company.local","title":null,"homedirectory":null,"userpassword":null,"admincount":false,"sidhistory":[]},"AllowedToDelegate":[],"SPNTargets":[],"PrimaryGroupSid":"S-1-5-21-575118345-1340977889-3616893645-513","HasSIDHistory":[],"ObjectIdentifier":"S-1-5-21-575118345-1340977889-3616893645-1145","Aces":[{"PrincipalSID":"S-1-5-21-575118345-1340977889-3616893645-512","PrincipalType":"Group","RightName":"Owner","AceType":"","IsInherited":false},{"PrincipalSID":"COMPANY.LOCAL-S-1-5-32-548","PrincipalType":"Group","RightName":"GenericAll","AceType":"","IsInherited":false},{"PrincipalSID":"S-1-5-21-575118345-1340977889-3616893645-512","PrincipalType":"Group","RightName":"GenericAll","AceType":"","IsInherited":false},{"PrincipalSID":"S-1-5-21-575118345-1340977889-3616893645-1118","PrincipalType":"Group","RightName":"GenericAll","AceType":"","IsInherited":false},{"PrincipalSID":"S-1-5-21-575118345-1340977889-3616893645-1135","PrincipalType":"Group","RightName":"ExtendedRight","AceType":"User-Force-Change-Password","IsInherited":true},{"PrincipalSID":"S-1-5-21-575118345-1340977889-3616893645-1135","PrincipalType":"Group","RightName":"WriteDacl","AceType":"","IsInherited":true},{"PrincipalSID":"S-1-5-21-575118345-1340977889-3616893645-519","PrincipalType":"Group","RightName":"GenericAll","AceType":"","IsInherited":true},{"PrincipalSID":"COMPANY.LOCAL-S-1-5-32-544","PrincipalType":"Group","RightName":"WriteDacl","AceType":"","IsInherited":true},{"PrincipalSID":"COMPANY.LOCAL-S-1-5-32-544","PrincipalType":"Group","RightName":"WriteOwner","AceType":"","IsInherited":true},{"PrincipalSID":"COMPANY.LOCAL-S-1-5-32-544","PrincipalType":"Group","RightName":"ExtendedRight","AceType":"All","IsInherited":true},{"PrincipalSID":"COMPANY.LOCAL-S-1-5-32-544","PrincipalType":"Group","RightName":"GenericWrite","AceType":"","IsInherited":true}]},{"Properties":{"highvalue":false,"name":"SM_1D5AB655C1584FD18@COMPANY.LOCAL","domain":"COMPANY.LOCAL","objectid":"S-1-5-21-575118345-1340977889-3616893645-1146","distinguishedname":"CN=SystemMailbox{8cc370d3-822a-4ab8-a926-bb94bd0641a9},CN=Users,DC=company,DC=local","description":null,"dontreqpreauth":false,"passwordnotreqd":false,"unconstraineddelegation":false,"sensitive":false,"enabled":false,"pwdneverexpires":false,"lastlogon":-1,"lastlogontimestamp":-1,"pwdlastset":-1,"serviceprincipalnames":[],"hasspn":false,"displayname":"SystemMailbox{8cc370d3-822a-4ab8-a926-bb94bd0641a9}","email":"SystemMailbox{8cc370d3-822a-4ab8-a926-bb94bd0641a9}@company.local","title":null,"homedirectory":null,"userpassword":null,"admincount":false,"sidhistory":[]},"AllowedToDelegate":[],"SPNTargets":[],"PrimaryGroupSid":"S-1-5-21-575118345-1340977889-3616893645-513","HasSIDHistory":[],"ObjectIdentifier":"S-1-5-21-575118345-1340977889-3616893645-1146","Aces":[{"PrincipalSID":"S-1-5-21-575118345-1340977889-3616893645-512","PrincipalType":"Group","RightName":"Owner","AceType":"","IsInherited":false},{"PrincipalSID":"COMPANY.LOCAL-S-1-5-32-548","PrincipalType":"Group","RightName":"GenericAll","AceType":"","IsInherited":false},{"PrincipalSID":"S-1-5-21-575118345-1340977889-3616893645-512","PrincipalType":"Group","RightName":"GenericAll","AceType":"","IsInherited":false},{"PrincipalSID":"S-1-5-21-575118345-1340977889-3616893645-1118","PrincipalType":"Group","RightName":"GenericAll","AceType":"","IsInherited":false},{"PrincipalSID":"S-1-5-21-575118345-1340977889-3616893645-1135","PrincipalType":"Group","RightName":"ExtendedRight","AceType":"User-Force-Change-Password","IsInherited":true},{"PrincipalSID":"S-1-5-21-575118345-1340977889-3616893645-1135","PrincipalType":"Group","RightName":"WriteDacl","AceType":"","IsInherited":true},{"PrincipalSID":"S-1-5-21-575118345-1340977889-3616893645-519","PrincipalType":"Group","RightName":"GenericAll","AceType":"","IsInherited":true},{"PrincipalSID":"COMPANY.LOCAL-S-1-5-32-544","PrincipalType":"Group","RightName":"WriteDacl","AceType":"","IsInherited":true},{"PrincipalSID":"COMPANY.LOCAL-S-1-5-32-544","PrincipalType":"Group","RightName":"WriteOwner","AceType":"","IsInherited":true},{"PrincipalSID":"COMPANY.LOCAL-S-1-5-32-544","PrincipalType":"Group","RightName":"ExtendedRight","AceType":"All","IsInherited":true},{"PrincipalSID":"COMPANY.LOCAL-S-1-5-32-544","PrincipalType":"Group","RightName":"GenericWrite","AceType":"","IsInherited":true}]},{"Properties":{"highvalue":false,"name":"HEALTHMAILBOXAEB3859@COMPANY.LOCAL","domain":"COMPANY.LOCAL","objectid":"S-1-5-21-575118345-1340977889-3616893645-1604","distinguishedname":"CN=HealthMailboxaeb3859cb4a043c9ad951015835917ab,CN=Monitoring Mailboxes,CN=Microsoft Exchange System Objects,DC=company,DC=local","description":null,"dontreqpreauth":false,"passwordnotreqd":false,"unconstraineddelegation":false,"sensitive":false,"enabled":true,"pwdneverexpires":true,"lastlogon":1646913124,"lastlogontimestamp":1646584933,"pwdlastset":1646490385,"serviceprincipalnames":[],"hasspn":false,"displayname":"HealthMailbox-mx1-001","email":"HealthMailboxaeb3859cb4a043c9ad951015835917ab@company.local","title":null,"homedirectory":null,"userpassword":null,"admincount":false,"sidhistory":[]},"AllowedToDelegate":[],"SPNTargets":[],"PrimaryGroupSid":"S-1-5-21-575118345-1340977889-3616893645-513","HasSIDHistory":[],"ObjectIdentifier":"S-1-5-21-575118345-1340977889-3616893645-1604","Aces":[{"PrincipalSID":"S-1-5-21-575118345-1340977889-3616893645-1603","PrincipalType":"Computer","RightName":"Owner","AceType":"","IsInherited":false},{"PrincipalSID":"COMPANY.LOCAL-S-1-5-32-548","PrincipalType":"Group","RightName":"GenericAll","AceType":"","IsInherited":false},{"PrincipalSID":"S-1-5-21-575118345-1340977889-3616893645-512","PrincipalType":"Group","RightName":"GenericAll","AceType":"","IsInherited":false},{"PrincipalSID":"S-1-5-21-575118345-1340977889-3616893645-1132","PrincipalType":"Group","RightName":"ExtendedRight","AceType":"User-Force-Change-Password","IsInherited":true},{"PrincipalSID":"S-1-5-21-575118345-1340977889-3616893645-1118","PrincipalType":"Group","RightName":"GenericWrite","AceType":"","IsInherited":true},{"PrincipalSID":"S-1-5-21-575118345-1340977889-3616893645-1132","PrincipalType":"Group","RightName":"GenericWrite","AceType":"","IsInherited":true},{"PrincipalSID":"S-1-5-21-575118345-1340977889-3616893645-1135","PrincipalType":"Group","RightName":"ExtendedRight","AceType":"User-Force-Change-Password","IsInherited":true},{"PrincipalSID":"S-1-5-21-575118345-1340977889-3616893645-1135","PrincipalType":"Group","RightName":"WriteDacl","AceType":"","IsInherited":true},{"PrincipalSID":"S-1-5-21-575118345-1340977889-3616893645-519","PrincipalType":"Group","RightName":"GenericAll","AceType":"","IsInherited":true},{"PrincipalSID":"COMPANY.LOCAL-S-1-5-32-544","PrincipalType":"Group","RightName":"WriteDacl","AceType":"","IsInherited":true},{"PrincipalSID":"COMPANY.LOCAL-S-1-5-32-544","PrincipalType":"Group","RightName":"WriteOwner","AceType":"","IsInherited":true},{"PrincipalSID":"COMPANY.LOCAL-S-1-5-32-544","PrincipalType":"Group","RightName":"ExtendedRight","AceType":"All","IsInherited":true},{"PrincipalSID":"COMPANY.LOCAL-S-1-5-32-544","PrincipalType":"Group","RightName":"GenericWrite","AceType":"","IsInherited":true}]},{"Properties":{"highvalue":false,"name":"ADMINISTRATOR@COMPANY.LOCAL","domain":"COMPANY.LOCAL","objectid":"S-1-5-21-575118345-1340977889-3616893645-500","distinguishedname":"CN=Administrator,CN=Users,DC=company,DC=local","description":"Built-in account for administering the computer/domain","dontreqpreauth":false,"passwordnotreqd":false,"unconstraineddelegation":false,"sensitive":false,"enabled":true,"pwdneverexpires":true,"lastlogon":1646475337,"lastlogontimestamp":1646813349,"pwdlastset":1646849835,"serviceprincipalnames":[],"hasspn":false,"displayname":null,"email":null,"title":null,"homedirectory":null,"userpassword":null,"admincount":true,"sidhistory":[]},"AllowedToDelegate":[],"SPNTargets":[],"PrimaryGroupSid":"S-1-5-21-575118345-1340977889-3616893645-513","HasSIDHistory":[],"ObjectIdentifier":"S-1-5-21-575118345-1340977889-3616893645-500","Aces":[{"PrincipalSID":"S-1-5-21-575118345-1340977889-3616893645-512","PrincipalType":"Group","RightName":"Owner","AceType":"","IsInherited":false},{"PrincipalSID":"COMPANY.LOCAL-S-1-5-32-544","PrincipalType":"Group","RightName":"WriteDacl","AceType":"","IsInherited":false},{"PrincipalSID":"COMPANY.LOCAL-S-1-5-32-544","PrincipalType":"Group","RightName":"WriteOwner","AceType":"","IsInherited":false},{"PrincipalSID":"COMPANY.LOCAL-S-1-5-32-544","PrincipalType":"Group","RightName":"ExtendedRight","AceType":"All","IsInherited":false},{"PrincipalSID":"COMPANY.LOCAL-S-1-5-32-544","PrincipalType":"Group","RightName":"GenericWrite","AceType":"","IsInherited":false},{"PrincipalSID":"S-1-5-21-575118345-1340977889-3616893645-512","PrincipalType":"Group","RightName":"WriteDacl","AceType":"","IsInherited":false},{"PrincipalSID":"S-1-5-21-575118345-1340977889-3616893645-512","PrincipalType":"Group","RightName":"WriteOwner","AceType":"","IsInherited":false},{"PrincipalSID":"S-1-5-21-575118345-1340977889-3616893645-512","PrincipalType":"Group","RightName":"ExtendedRight","AceType":"All","IsInherited":false},{"PrincipalSID":"S-1-5-21-575118345-1340977889-3616893645-512","PrincipalType":"Group","RightName":"GenericWrite","AceType":"","IsInherited":false},{"PrincipalSID":"S-1-5-21-575118345-1340977889-3616893645-519","PrincipalType":"Group","RightName":"WriteDacl","AceType":"","IsInherited":false},{"PrincipalSID":"S-1-5-21-575118345-1340977889-3616893645-519","PrincipalType":"Group","RightName":"WriteOwner","AceType":"","IsInherited":false},{"PrincipalSID":"S-1-5-21-575118345-1340977889-3616893645-519","PrincipalType":"Group","RightName":"ExtendedRight","AceType":"All","IsInherited":false},{"PrincipalSID":"S-1-5-21-575118345-1340977889-3616893645-519","PrincipalType":"Group","RightName":"GenericWrite","AceType":"","IsInherited":false}]},{"Properties":{"highvalue":false,"name":"HEALTHMAILBOXADCAA1E@COMPANY.LOCAL","domain":"COMPANY.LOCAL","objectid":"S-1-5-21-575118345-1340977889-3616893645-1148","distinguishedname":"CN=HealthMailboxadcaa1eed78946a9b546930924c5804b,CN=Monitoring Mailboxes,CN=Microsoft Exchange System Objects,DC=company,DC=local","description":null,"dontreqpreauth":false,"passwordnotreqd":false,"unconstraineddelegation":false,"sensitive":false,"enabled":true,"pwdneverexpires":true,"lastlogon":1646913129,"lastlogontimestamp":1646554234,"pwdlastset":1646490380,"serviceprincipalnames":[],"hasspn":false,"displayname":"HealthMailbox-mx1-Mailbox-Database-0233707152","email":"HealthMailboxadcaa1eed78946a9b546930924c5804b@company.local","title":null,"homedirectory":null,"userpassword":null,"admincount":false,"sidhistory":[]},"AllowedToDelegate":[],"SPNTargets":[],"PrimaryGroupSid":"S-1-5-21-575118345-1340977889-3616893645-513","HasSIDHistory":[],"ObjectIdentifier":"S-1-5-21-575118345-1340977889-3616893645-1148","Aces":[{"PrincipalSID":"S-1-5-21-575118345-1340977889-3616893645-1603","PrincipalType":"Computer","RightName":"Owner","AceType":"","IsInherited":false},{"PrincipalSID":"COMPANY.LOCAL-S-1-5-32-548","PrincipalType":"Group","RightName":"GenericAll","AceType":"","IsInherited":false},{"PrincipalSID":"S-1-5-21-575118345-1340977889-3616893645-512","PrincipalType":"Group","RightName":"GenericAll","AceType":"","IsInherited":false},{"PrincipalSID":"S-1-5-21-575118345-1340977889-3616893645-1132","PrincipalType":"Group","RightName":"ExtendedRight","AceType":"User-Force-Change-Password","IsInherited":true},{"PrincipalSID":"S-1-5-21-575118345-1340977889-3616893645-1118","PrincipalType":"Group","RightName":"GenericWrite","AceType":"","IsInherited":true},{"PrincipalSID":"S-1-5-21-575118345-1340977889-3616893645-1132","PrincipalType":"Group","RightName":"GenericWrite","AceType":"","IsInherited":true},{"PrincipalSID":"S-1-5-21-575118345-1340977889-3616893645-1135","PrincipalType":"Group","RightName":"ExtendedRight","AceType":"User-Force-Change-Password","IsInherited":true},{"PrincipalSID":"S-1-5-21-575118345-1340977889-3616893645-1135","PrincipalType":"Group","RightName":"WriteDacl","AceType":"","IsInherited":true},{"PrincipalSID":"S-1-5-21-575118345-1340977889-3616893645-519","PrincipalType":"Group","RightName":"GenericAll","AceType":"","IsInherited":true},{"PrincipalSID":"COMPANY.LOCAL-S-1-5-32-544","PrincipalType":"Group","RightName":"WriteDacl","AceType":"","IsInherited":true},{"PrincipalSID":"COMPANY.LOCAL-S-1-5-32-544","PrincipalType":"Group","RightName":"WriteOwner","AceType":"","IsInherited":true},{"PrincipalSID":"COMPANY.LOCAL-S-1-5-32-544","PrincipalType":"Group","RightName":"ExtendedRight","AceType":"All","IsInherited":true},{"PrincipalSID":"COMPANY.LOCAL-S-1-5-32-544","PrincipalType":"Group","RightName":"GenericWrite","AceType":"","IsInherited":true}]},{"Properties":{"highvalue":false,"name":"HEALTHMAILBOXBE8F630@COMPANY.LOCAL","domain":"COMPANY.LOCAL","objectid":"S-1-5-21-575118345-1340977889-3616893645-1149","distinguishedname":"CN=HealthMailboxbe8f630abfc04b299194bc67aa9fb7f8,CN=Monitoring Mailboxes,CN=Microsoft Exchange System Objects,DC=company,DC=local","description":null,"dontreqpreauth":false,"passwordnotreqd":false,"unconstraineddelegation":false,"sensitive":false,"enabled":true,"pwdneverexpires":true,"lastlogon":-1,"lastlogontimestamp":-1,"pwdlastset":1645720663,"serviceprincipalnames":[],"hasspn":false,"displayname":"HealthMailbox-mx1-002","email":"HealthMailboxbe8f630abfc04b299194bc67aa9fb7f8@company.local","title":null,"homedirectory":null,"userpassword":null,"admincount":false,"sidhistory":[]},"AllowedToDelegate":[],"SPNTargets":[],"PrimaryGroupSid":"S-1-5-21-575118345-1340977889-3616893645-513","HasSIDHistory":[],"ObjectIdentifier":"S-1-5-21-575118345-1340977889-3616893645-1149","Aces":[{"PrincipalSID":"S-1-5-21-575118345-1340977889-3616893645-1603","PrincipalType":"Computer","RightName":"Owner","AceType":"","IsInherited":false},{"PrincipalSID":"COMPANY.LOCAL-S-1-5-32-548","PrincipalType":"Group","RightName":"GenericAll","AceType":"","IsInherited":false},{"PrincipalSID":"S-1-5-21-575118345-1340977889-3616893645-512","PrincipalType":"Group","RightName":"GenericAll","AceType":"","IsInherited":false},{"PrincipalSID":"S-1-5-21-575118345-1340977889-3616893645-1132","PrincipalType":"Group","RightName":"ExtendedRight","AceType":"User-Force-Change-Password","IsInherited":true},{"PrincipalSID":"S-1-5-21-575118345-1340977889-3616893645-1118","PrincipalType":"Group","RightName":"GenericWrite","AceType":"","IsInherited":true},{"PrincipalSID":"S-1-5-21-575118345-1340977889-3616893645-1132","PrincipalType":"Group","RightName":"GenericWrite","AceType":"","IsInherited":true},{"PrincipalSID":"S-1-5-21-575118345-1340977889-3616893645-1135","PrincipalType":"Group","RightName":"ExtendedRight","AceType":"User-Force-Change-Password","IsInherited":true},{"PrincipalSID":"S-1-5-21-575118345-1340977889-3616893645-1135","PrincipalType":"Group","RightName":"WriteDacl","AceType":"","IsInherited":true},{"PrincipalSID":"S-1-5-21-575118345-1340977889-3616893645-519","PrincipalType":"Group","RightName":"GenericAll","AceType":"","IsInherited":true},{"PrincipalSID":"COMPANY.LOCAL-S-1-5-32-544","PrincipalType":"Group","RightName":"WriteDacl","AceType":"","IsInherited":true},{"PrincipalSID":"COMPANY.LOCAL-S-1-5-32-544","PrincipalType":"Group","RightName":"WriteOwner","AceType":"","IsInherited":true},{"PrincipalSID":"COMPANY.LOCAL-S-1-5-32-544","PrincipalType":"Group","RightName":"ExtendedRight","AceType":"All","IsInherited":true},{"PrincipalSID":"COMPANY.LOCAL-S-1-5-32-544","PrincipalType":"Group","RightName":"GenericWrite","AceType":"","IsInherited":true}]},{"Properties":{"highvalue":false,"name":"HEALTHMAILBOX28EACC3@COMPANY.LOCAL","domain":"COMPANY.LOCAL","objectid":"S-1-5-21-575118345-1340977889-3616893645-1605","distinguishedname":"CN=HealthMailbox28eacc301a3b4c41bdce88c6386d4de5,CN=Monitoring Mailboxes,CN=Microsoft Exchange System Objects,DC=company,DC=local","description":null,"dontreqpreauth":false,"passwordnotreqd":false,"unconstraineddelegation":false,"sensitive":false,"enabled":true,"pwdneverexpires":true,"lastlogon":-1,"lastlogontimestamp":-1,"pwdlastset":1645720675,"serviceprincipalnames":[],"hasspn":false,"displayname":"HealthMailbox-mx1-003","email":"HealthMailbox28eacc301a3b4c41bdce88c6386d4de5@company.local","title":null,"homedirectory":null,"userpassword":null,"admincount":false,"sidhistory":[]},"AllowedToDelegate":[],"SPNTargets":[],"PrimaryGroupSid":"S-1-5-21-575118345-1340977889-3616893645-513","HasSIDHistory":[],"ObjectIdentifier":"S-1-5-21-575118345-1340977889-3616893645-1605","Aces":[{"PrincipalSID":"S-1-5-21-575118345-1340977889-3616893645-1603","PrincipalType":"Computer","RightName":"Owner","AceType":"","IsInherited":false},{"PrincipalSID":"COMPANY.LOCAL-S-1-5-32-548","PrincipalType":"Group","RightName":"GenericAll","AceType":"","IsInherited":false},{"PrincipalSID":"S-1-5-21-575118345-1340977889-3616893645-512","PrincipalType":"Group","RightName":"GenericAll","AceType":"","IsInherited":false},{"PrincipalSID":"S-1-5-21-575118345-1340977889-3616893645-1132","PrincipalType":"Group","RightName":"ExtendedRight","AceType":"User-Force-Change-Password","IsInherited":true},{"PrincipalSID":"S-1-5-21-575118345-1340977889-3616893645-1118","PrincipalType":"Group","RightName":"GenericWrite","AceType":"","IsInherited":true},{"PrincipalSID":"S-1-5-21-575118345-1340977889-3616893645-1132","PrincipalType":"Group","RightName":"GenericWrite","AceType":"","IsInherited":true},{"PrincipalSID":"S-1-5-21-575118345-1340977889-3616893645-1135","PrincipalType":"Group","RightName":"ExtendedRight","AceType":"User-Force-Change-Password","IsInherited":true},{"PrincipalSID":"S-1-5-21-575118345-1340977889-3616893645-1135","PrincipalType":"Group","RightName":"WriteDacl","AceType":"","IsInherited":true},{"PrincipalSID":"S-1-5-21-575118345-1340977889-3616893645-519","PrincipalType":"Group","RightName":"GenericAll","AceType":"","IsInherited":true},{"PrincipalSID":"COMPANY.LOCAL-S-1-5-32-544","PrincipalType":"Group","RightName":"WriteDacl","AceType":"","IsInherited":true},{"PrincipalSID":"COMPANY.LOCAL-S-1-5-32-544","PrincipalType":"Group","RightName":"WriteOwner","AceType":"","IsInherited":true},{"PrincipalSID":"COMPANY.LOCAL-S-1-5-32-544","PrincipalType":"Group","RightName":"ExtendedRight","AceType":"All","IsInherited":true},{"PrincipalSID":"COMPANY.LOCAL-S-1-5-32-544","PrincipalType":"Group","RightName":"GenericWrite","AceType":"","IsInherited":true}]},{"Properties":{"highvalue":false,"name":"HEALTHMAILBOXB9C2DBC@COMPANY.LOCAL","domain":"COMPANY.LOCAL","objectid":"S-1-5-21-575118345-1340977889-3616893645-1606","distinguishedname":"CN=HealthMailboxb9c2dbc9d9f94950b95bacee9b0e4f6e,CN=Monitoring Mailboxes,CN=Microsoft Exchange System Objects,DC=company,DC=local","description":null,"dontreqpreauth":false,"passwordnotreqd":false,"unconstraineddelegation":false,"sensitive":false,"enabled":true,"pwdneverexpires":true,"lastlogon":-1,"lastlogontimestamp":-1,"pwdlastset":1645720696,"serviceprincipalnames":[],"hasspn":false,"displayname":"HealthMailbox-mx1-005","email":"HealthMailboxb9c2dbc9d9f94950b95bacee9b0e4f6e@company.local","title":null,"homedirectory":null,"userpassword":null,"admincount":false,"sidhistory":[]},"AllowedToDelegate":[],"SPNTargets":[],"PrimaryGroupSid":"S-1-5-21-575118345-1340977889-3616893645-513","HasSIDHistory":[],"ObjectIdentifier":"S-1-5-21-575118345-1340977889-3616893645-1606","Aces":[{"PrincipalSID":"S-1-5-21-575118345-1340977889-3616893645-1603","PrincipalType":"Computer","RightName":"Owner","AceType":"","IsInherited":false},{"PrincipalSID":"COMPANY.LOCAL-S-1-5-32-548","PrincipalType":"Group","RightName":"GenericAll","AceType":"","IsInherited":false},{"PrincipalSID":"S-1-5-21-575118345-1340977889-3616893645-512","PrincipalType":"Group","RightName":"GenericAll","AceType":"","IsInherited":false},{"PrincipalSID":"S-1-5-21-575118345-1340977889-3616893645-1132","PrincipalType":"Group","RightName":"ExtendedRight","AceType":"User-Force-Change-Password","IsInherited":true},{"PrincipalSID":"S-1-5-21-575118345-1340977889-3616893645-1118","PrincipalType":"Group","RightName":"GenericWrite","AceType":"","IsInherited":true},{"PrincipalSID":"S-1-5-21-575118345-1340977889-3616893645-1132","PrincipalType":"Group","RightName":"GenericWrite","AceType":"","IsInherited":true},{"PrincipalSID":"S-1-5-21-575118345-1340977889-3616893645-1135","PrincipalType":"Group","RightName":"ExtendedRight","AceType":"User-Force-Change-Password","IsInherited":true},{"PrincipalSID":"S-1-5-21-575118345-1340977889-3616893645-1135","PrincipalType":"Group","RightName":"WriteDacl","AceType":"","IsInherited":true},{"PrincipalSID":"S-1-5-21-575118345-1340977889-3616893645-519","PrincipalType":"Group","RightName":"GenericAll","AceType":"","IsInherited":true},{"PrincipalSID":"COMPANY.LOCAL-S-1-5-32-544","PrincipalType":"Group","RightName":"WriteDacl","AceType":"","IsInherited":true},{"PrincipalSID":"COMPANY.LOCAL-S-1-5-32-544","PrincipalType":"Group","RightName":"WriteOwner","AceType":"","IsInherited":true},{"PrincipalSID":"COMPANY.LOCAL-S-1-5-32-544","PrincipalType":"Group","RightName":"ExtendedRight","AceType":"All","IsInherited":true},{"PrincipalSID":"COMPANY.LOCAL-S-1-5-32-544","PrincipalType":"Group","RightName":"GenericWrite","AceType":"","IsInherited":true}]},{"Properties":{"highvalue":false,"name":"HEALTHMAILBOX0C2870E@COMPANY.LOCAL","domain":"COMPANY.LOCAL","objectid":"S-1-5-21-575118345-1340977889-3616893645-1150","distinguishedname":"CN=HealthMailbox0c2870e06adc4cfda7e4d04081d1e54b,CN=Monitoring Mailboxes,CN=Microsoft Exchange System Objects,DC=company,DC=local","description":null,"dontreqpreauth":false,"passwordnotreqd":false,"unconstraineddelegation":false,"sensitive":false,"enabled":true,"pwdneverexpires":true,"lastlogon":-1,"lastlogontimestamp":-1,"pwdlastset":1645720685,"serviceprincipalnames":[],"hasspn":false,"displayname":"HealthMailbox-mx1-004","email":"HealthMailbox0c2870e06adc4cfda7e4d04081d1e54b@company.local","title":null,"homedirectory":null,"userpassword":null,"admincount":false,"sidhistory":[]},"AllowedToDelegate":[],"SPNTargets":[],"PrimaryGroupSid":"S-1-5-21-575118345-1340977889-3616893645-513","HasSIDHistory":[],"ObjectIdentifier":"S-1-5-21-575118345-1340977889-3616893645-1150","Aces":[{"PrincipalSID":"S-1-5-21-575118345-1340977889-3616893645-1603","PrincipalType":"Computer","RightName":"Owner","AceType":"","IsInherited":false},{"PrincipalSID":"COMPANY.LOCAL-S-1-5-32-548","PrincipalType":"Group","RightName":"GenericAll","AceType":"","IsInherited":false},{"PrincipalSID":"S-1-5-21-575118345-1340977889-3616893645-512","PrincipalType":"Group","RightName":"GenericAll","AceType":"","IsInherited":false},{"PrincipalSID":"S-1-5-21-575118345-1340977889-3616893645-1132","PrincipalType":"Group","RightName":"ExtendedRight","AceType":"User-Force-Change-Password","IsInherited":true},{"PrincipalSID":"S-1-5-21-575118345-1340977889-3616893645-1118","PrincipalType":"Group","RightName":"GenericWrite","AceType":"","IsInherited":true},{"PrincipalSID":"S-1-5-21-575118345-1340977889-3616893645-1132","PrincipalType":"Group","RightName":"GenericWrite","AceType":"","IsInherited":true},{"PrincipalSID":"S-1-5-21-575118345-1340977889-3616893645-1135","PrincipalType":"Group","RightName":"ExtendedRight","AceType":"User-Force-Change-Password","IsInherited":true},{"PrincipalSID":"S-1-5-21-575118345-1340977889-3616893645-1135","PrincipalType":"Group","RightName":"WriteDacl","AceType":"","IsInherited":true},{"PrincipalSID":"S-1-5-21-575118345-1340977889-3616893645-519","PrincipalType":"Group","RightName":"GenericAll","AceType":"","IsInherited":true},{"PrincipalSID":"COMPANY.LOCAL-S-1-5-32-544","PrincipalType":"Group","RightName":"WriteDacl","AceType":"","IsInherited":true},{"PrincipalSID":"COMPANY.LOCAL-S-1-5-32-544","PrincipalType":"Group","RightName":"WriteOwner","AceType":"","IsInherited":true},{"PrincipalSID":"COMPANY.LOCAL-S-1-5-32-544","PrincipalType":"Group","RightName":"ExtendedRight","AceType":"All","IsInherited":true},{"PrincipalSID":"COMPANY.LOCAL-S-1-5-32-544","PrincipalType":"Group","RightName":"GenericWrite","AceType":"","IsInherited":true}]},{"Properties":{"highvalue":false,"name":"HEALTHMAILBOX403EDD2@COMPANY.LOCAL","domain":"COMPANY.LOCAL","objectid":"S-1-5-21-575118345-1340977889-3616893645-1151","distinguishedname":"CN=HealthMailbox403edd246623489195399622002c3c12,CN=Monitoring Mailboxes,CN=Microsoft Exchange System Objects,DC=company,DC=local","description":null,"dontreqpreauth":false,"passwordnotreqd":false,"unconstraineddelegation":false,"sensitive":false,"enabled":true,"pwdneverexpires":true,"lastlogon":-1,"lastlogontimestamp":-1,"pwdlastset":1645720707,"serviceprincipalnames":[],"hasspn":false,"displayname":"HealthMailbox-mx1-006","email":"HealthMailbox403edd246623489195399622002c3c12@company.local","title":null,"homedirectory":null,"userpassword":null,"admincount":false,"sidhistory":[]},"AllowedToDelegate":[],"SPNTargets":[],"PrimaryGroupSid":"S-1-5-21-575118345-1340977889-3616893645-513","HasSIDHistory":[],"ObjectIdentifier":"S-1-5-21-575118345-1340977889-3616893645-1151","Aces":[{"PrincipalSID":"S-1-5-21-575118345-1340977889-3616893645-1603","PrincipalType":"Computer","RightName":"Owner","AceType":"","IsInherited":false},{"PrincipalSID":"COMPANY.LOCAL-S-1-5-32-548","PrincipalType":"Group","RightName":"GenericAll","AceType":"","IsInherited":false},{"PrincipalSID":"S-1-5-21-575118345-1340977889-3616893645-512","PrincipalType":"Group","RightName":"GenericAll","AceType":"","IsInherited":false},{"PrincipalSID":"S-1-5-21-575118345-1340977889-3616893645-1132","PrincipalType":"Group","RightName":"ExtendedRight","AceType":"User-Force-Change-Password","IsInherited":true},{"PrincipalSID":"S-1-5-21-575118345-1340977889-3616893645-1118","PrincipalType":"Group","RightName":"GenericWrite","AceType":"","IsInherited":true},{"PrincipalSID":"S-1-5-21-575118345-1340977889-3616893645-1132","PrincipalType":"Group","RightName":"GenericWrite","AceType":"","IsInherited":true},{"PrincipalSID":"S-1-5-21-575118345-1340977889-3616893645-1135","PrincipalType":"Group","RightName":"ExtendedRight","AceType":"User-Force-Change-Password","IsInherited":true},{"PrincipalSID":"S-1-5-21-575118345-1340977889-3616893645-1135","PrincipalType":"Group","RightName":"WriteDacl","AceType":"","IsInherited":true},{"PrincipalSID":"S-1-5-21-575118345-1340977889-3616893645-519","PrincipalType":"Group","RightName":"GenericAll","AceType":"","IsInherited":true},{"PrincipalSID":"COMPANY.LOCAL-S-1-5-32-544","PrincipalType":"Group","RightName":"WriteDacl","AceType":"","IsInherited":true},{"PrincipalSID":"COMPANY.LOCAL-S-1-5-32-544","PrincipalType":"Group","RightName":"WriteOwner","AceType":"","IsInherited":true},{"PrincipalSID":"COMPANY.LOCAL-S-1-5-32-544","PrincipalType":"Group","RightName":"ExtendedRight","AceType":"All","IsInherited":true},{"PrincipalSID":"COMPANY.LOCAL-S-1-5-32-544","PrincipalType":"Group","RightName":"GenericWrite","AceType":"","IsInherited":true}]},{"Properties":{"highvalue":false,"name":"HEALTHMAILBOX5272AE0@COMPANY.LOCAL","domain":"COMPANY.LOCAL","objectid":"S-1-5-21-575118345-1340977889-3616893645-1607","distinguishedname":"CN=HealthMailbox5272ae087d45420c96055d252096080a,CN=Monitoring Mailboxes,CN=Microsoft Exchange System Objects,DC=company,DC=local","description":null,"dontreqpreauth":false,"passwordnotreqd":false,"unconstraineddelegation":false,"sensitive":false,"enabled":true,"pwdneverexpires":true,"lastlogon":-1,"lastlogontimestamp":-1,"pwdlastset":1645720718,"serviceprincipalnames":[],"hasspn":false,"displayname":"HealthMailbox-mx1-007","email":"HealthMailbox5272ae087d45420c96055d252096080a@company.local","title":null,"homedirectory":null,"userpassword":null,"admincount":false,"sidhistory":[]},"AllowedToDelegate":[],"SPNTargets":[],"PrimaryGroupSid":"S-1-5-21-575118345-1340977889-3616893645-513","HasSIDHistory":[],"ObjectIdentifier":"S-1-5-21-575118345-1340977889-3616893645-1607","Aces":[{"PrincipalSID":"S-1-5-21-575118345-1340977889-3616893645-1603","PrincipalType":"Computer","RightName":"Owner","AceType":"","IsInherited":false},{"PrincipalSID":"COMPANY.LOCAL-S-1-5-32-548","PrincipalType":"Group","RightName":"GenericAll","AceType":"","IsInherited":false},{"PrincipalSID":"S-1-5-21-575118345-1340977889-3616893645-512","PrincipalType":"Group","RightName":"GenericAll","AceType":"","IsInherited":false},{"PrincipalSID":"S-1-5-21-575118345-1340977889-3616893645-1132","PrincipalType":"Group","RightName":"ExtendedRight","AceType":"User-Force-Change-Password","IsInherited":true},{"PrincipalSID":"S-1-5-21-575118345-1340977889-3616893645-1118","PrincipalType":"Group","RightName":"GenericWrite","AceType":"","IsInherited":true},{"PrincipalSID":"S-1-5-21-575118345-1340977889-3616893645-1132","PrincipalType":"Group","RightName":"GenericWrite","AceType":"","IsInherited":true},{"PrincipalSID":"S-1-5-21-575118345-1340977889-3616893645-1135","PrincipalType":"Group","RightName":"ExtendedRight","AceType":"User-Force-Change-Password","IsInherited":true},{"PrincipalSID":"S-1-5-21-575118345-1340977889-3616893645-1135","PrincipalType":"Group","RightName":"WriteDacl","AceType":"","IsInherited":true},{"PrincipalSID":"S-1-5-21-575118345-1340977889-3616893645-519","PrincipalType":"Group","RightName":"GenericAll","AceType":"","IsInherited":true},{"PrincipalSID":"COMPANY.LOCAL-S-1-5-32-544","PrincipalType":"Group","RightName":"WriteDacl","AceType":"","IsInherited":true},{"PrincipalSID":"COMPANY.LOCAL-S-1-5-32-544","PrincipalType":"Group","RightName":"WriteOwner","AceType":"","IsInherited":true},{"PrincipalSID":"COMPANY.LOCAL-S-1-5-32-544","PrincipalType":"Group","RightName":"ExtendedRight","AceType":"All","IsInherited":true},{"PrincipalSID":"COMPANY.LOCAL-S-1-5-32-544","PrincipalType":"Group","RightName":"GenericWrite","AceType":"","IsInherited":true}]},{"Properties":{"highvalue":false,"name":"HEALTHMAILBOXD789182@COMPANY.LOCAL","domain":"COMPANY.LOCAL","objectid":"S-1-5-21-575118345-1340977889-3616893645-1152","distinguishedname":"CN=HealthMailboxd789182f888f4081bd3d80ed37324593,CN=Monitoring Mailboxes,CN=Microsoft Exchange System Objects,DC=company,DC=local","description":null,"dontreqpreauth":false,"passwordnotreqd":false,"unconstraineddelegation":false,"sensitive":false,"enabled":true,"pwdneverexpires":true,"lastlogon":-1,"lastlogontimestamp":-1,"pwdlastset":1645720728,"serviceprincipalnames":[],"hasspn":false,"displayname":"HealthMailbox-mx1-008","email":"HealthMailboxd789182f888f4081bd3d80ed37324593@company.local","title":null,"homedirectory":null,"userpassword":null,"admincount":false,"sidhistory":[]},"AllowedToDelegate":[],"SPNTargets":[],"PrimaryGroupSid":"S-1-5-21-575118345-1340977889-3616893645-513","HasSIDHistory":[],"ObjectIdentifier":"S-1-5-21-575118345-1340977889-3616893645-1152","Aces":[{"PrincipalSID":"S-1-5-21-575118345-1340977889-3616893645-1603","PrincipalType":"Computer","RightName":"Owner","AceType":"","IsInherited":false},{"PrincipalSID":"COMPANY.LOCAL-S-1-5-32-548","PrincipalType":"Group","RightName":"GenericAll","AceType":"","IsInherited":false},{"PrincipalSID":"S-1-5-21-575118345-1340977889-3616893645-512","PrincipalType":"Group","RightName":"GenericAll","AceType":"","IsInherited":false},{"PrincipalSID":"S-1-5-21-575118345-1340977889-3616893645-1132","PrincipalType":"Group","RightName":"ExtendedRight","AceType":"User-Force-Change-Password","IsInherited":true},{"PrincipalSID":"S-1-5-21-575118345-1340977889-3616893645-1118","PrincipalType":"Group","RightName":"GenericWrite","AceType":"","IsInherited":true},{"PrincipalSID":"S-1-5-21-575118345-1340977889-3616893645-1132","PrincipalType":"Group","RightName":"GenericWrite","AceType":"","IsInherited":true},{"PrincipalSID":"S-1-5-21-575118345-1340977889-3616893645-1135","PrincipalType":"Group","RightName":"ExtendedRight","AceType":"User-Force-Change-Password","IsInherited":true},{"PrincipalSID":"S-1-5-21-575118345-1340977889-3616893645-1135","PrincipalType":"Group","RightName":"WriteDacl","AceType":"","IsInherited":true},{"PrincipalSID":"S-1-5-21-575118345-1340977889-3616893645-519","PrincipalType":"Group","RightName":"GenericAll","AceType":"","IsInherited":true},{"PrincipalSID":"COMPANY.LOCAL-S-1-5-32-544","PrincipalType":"Group","RightName":"WriteDacl","AceType":"","IsInherited":true},{"PrincipalSID":"COMPANY.LOCAL-S-1-5-32-544","PrincipalType":"Group","RightName":"WriteOwner","AceType":"","IsInherited":true},{"PrincipalSID":"COMPANY.LOCAL-S-1-5-32-544","PrincipalType":"Group","RightName":"ExtendedRight","AceType":"All","IsInherited":true},{"PrincipalSID":"COMPANY.LOCAL-S-1-5-32-544","PrincipalType":"Group","RightName":"GenericWrite","AceType":"","IsInherited":true}]},{"Properties":{"highvalue":false,"name":"HEALTHMAILBOX4A2CF58@COMPANY.LOCAL","domain":"COMPANY.LOCAL","objectid":"S-1-5-21-575118345-1340977889-3616893645-1153","distinguishedname":"CN=HealthMailbox4a2cf5848728431cbfa4cde434ccd072,CN=Monitoring Mailboxes,CN=Microsoft Exchange System Objects,DC=company,DC=local","description":null,"dontreqpreauth":false,"passwordnotreqd":false,"unconstraineddelegation":false,"sensitive":false,"enabled":true,"pwdneverexpires":true,"lastlogon":-1,"lastlogontimestamp":-1,"pwdlastset":1645720739,"serviceprincipalnames":[],"hasspn":false,"displayname":"HealthMailbox-mx1-009","email":"HealthMailbox4a2cf5848728431cbfa4cde434ccd072@company.local","title":null,"homedirectory":null,"userpassword":null,"admincount":false,"sidhistory":[]},"AllowedToDelegate":[],"SPNTargets":[],"PrimaryGroupSid":"S-1-5-21-575118345-1340977889-3616893645-513","HasSIDHistory":[],"ObjectIdentifier":"S-1-5-21-575118345-1340977889-3616893645-1153","Aces":[{"PrincipalSID":"S-1-5-21-575118345-1340977889-3616893645-1603","PrincipalType":"Computer","RightName":"Owner","AceType":"","IsInherited":false},{"PrincipalSID":"COMPANY.LOCAL-S-1-5-32-548","PrincipalType":"Group","RightName":"GenericAll","AceType":"","IsInherited":false},{"PrincipalSID":"S-1-5-21-575118345-1340977889-3616893645-512","PrincipalType":"Group","RightName":"GenericAll","AceType":"","IsInherited":false},{"PrincipalSID":"S-1-5-21-575118345-1340977889-3616893645-1132","PrincipalType":"Group","RightName":"ExtendedRight","AceType":"User-Force-Change-Password","IsInherited":true},{"PrincipalSID":"S-1-5-21-575118345-1340977889-3616893645-1118","PrincipalType":"Group","RightName":"GenericWrite","AceType":"","IsInherited":true},{"PrincipalSID":"S-1-5-21-575118345-1340977889-3616893645-1132","PrincipalType":"Group","RightName":"GenericWrite","AceType":"","IsInherited":true},{"PrincipalSID":"S-1-5-21-575118345-1340977889-3616893645-1135","PrincipalType":"Group","RightName":"ExtendedRight","AceType":"User-Force-Change-Password","IsInherited":true},{"PrincipalSID":"S-1-5-21-575118345-1340977889-3616893645-1135","PrincipalType":"Group","RightName":"WriteDacl","AceType":"","IsInherited":true},{"PrincipalSID":"S-1-5-21-575118345-1340977889-3616893645-519","PrincipalType":"Group","RightName":"GenericAll","AceType":"","IsInherited":true},{"PrincipalSID":"COMPANY.LOCAL-S-1-5-32-544","PrincipalType":"Group","RightName":"WriteDacl","AceType":"","IsInherited":true},{"PrincipalSID":"COMPANY.LOCAL-S-1-5-32-544","PrincipalType":"Group","RightName":"WriteOwner","AceType":"","IsInherited":true},{"PrincipalSID":"COMPANY.LOCAL-S-1-5-32-544","PrincipalType":"Group","RightName":"ExtendedRight","AceType":"All","IsInherited":true},{"PrincipalSID":"COMPANY.LOCAL-S-1-5-32-544","PrincipalType":"Group","RightName":"GenericWrite","AceType":"","IsInherited":true}]},{"Properties":{"highvalue":false,"name":"GUEST@COMPANY.LOCAL","domain":"COMPANY.LOCAL","objectid":"S-1-5-21-575118345-1340977889-3616893645-501","distinguishedname":"CN=Guest,CN=Users,DC=company,DC=local","description":"Built-in account for guest access to the computer/domain","dontreqpreauth":false,"passwordnotreqd":true,"unconstraineddelegation":false,"sensitive":false,"enabled":false,"pwdneverexpires":true,"lastlogon":-1,"lastlogontimestamp":-1,"pwdlastset":-1,"serviceprincipalnames":[],"hasspn":false,"displayname":null,"email":null,"title":null,"homedirectory":null,"userpassword":null,"admincount":false,"sidhistory":[]},"AllowedToDelegate":[],"SPNTargets":[],"PrimaryGroupSid":"S-1-5-21-575118345-1340977889-3616893645-514","HasSIDHistory":[],"ObjectIdentifier":"S-1-5-21-575118345-1340977889-3616893645-501","Aces":[{"PrincipalSID":"COMPANY.LOCAL-S-1-5-32-544","PrincipalType":"Group","RightName":"Owner","AceType":"","IsInherited":false},{"PrincipalSID":"COMPANY.LOCAL-S-1-5-32-548","PrincipalType":"Group","RightName":"GenericAll","AceType":"","IsInherited":false},{"PrincipalSID":"S-1-5-21-575118345-1340977889-3616893645-512","PrincipalType":"Group","RightName":"GenericAll","AceType":"","IsInherited":false},{"PrincipalSID":"S-1-5-21-575118345-1340977889-3616893645-1135","PrincipalType":"Group","RightName":"ExtendedRight","AceType":"User-Force-Change-Password","IsInherited":true},{"PrincipalSID":"S-1-5-21-575118345-1340977889-3616893645-1135","PrincipalType":"Group","RightName":"WriteDacl","AceType":"","IsInherited":true},{"PrincipalSID":"S-1-5-21-575118345-1340977889-3616893645-519","PrincipalType":"Group","RightName":"GenericAll","AceType":"","IsInherited":true},{"PrincipalSID":"COMPANY.LOCAL-S-1-5-32-544","PrincipalType":"Group","RightName":"WriteDacl","AceType":"","IsInherited":true},{"PrincipalSID":"COMPANY.LOCAL-S-1-5-32-544","PrincipalType":"Group","RightName":"WriteOwner","AceType":"","IsInherited":true},{"PrincipalSID":"COMPANY.LOCAL-S-1-5-32-544","PrincipalType":"Group","RightName":"ExtendedRight","AceType":"All","IsInherited":true},{"PrincipalSID":"COMPANY.LOCAL-S-1-5-32-544","PrincipalType":"Group","RightName":"GenericWrite","AceType":"","IsInherited":true}]},{"Properties":{"highvalue":false,"name":"HEALTHMAILBOX0EECDAC@COMPANY.LOCAL","domain":"COMPANY.LOCAL","objectid":"S-1-5-21-575118345-1340977889-3616893645-1608","distinguishedname":"CN=HealthMailbox0eecdac9cb8b4085b4b255a28d005ff4,CN=Monitoring Mailboxes,CN=Microsoft Exchange System Objects,DC=company,DC=local","description":null,"dontreqpreauth":false,"passwordnotreqd":false,"unconstraineddelegation":false,"sensitive":false,"enabled":true,"pwdneverexpires":true,"lastlogon":-1,"lastlogontimestamp":-1,"pwdlastset":1645720818,"serviceprincipalnames":[],"hasspn":false,"displayname":"HealthMailbox-mx1-010","email":"HealthMailbox0eecdac9cb8b4085b4b255a28d005ff4@company.local","title":null,"homedirectory":null,"userpassword":null,"admincount":false,"sidhistory":[]},"AllowedToDelegate":[],"SPNTargets":[],"PrimaryGroupSid":"S-1-5-21-575118345-1340977889-3616893645-513","HasSIDHistory":[],"ObjectIdentifier":"S-1-5-21-575118345-1340977889-3616893645-1608","Aces":[{"PrincipalSID":"S-1-5-21-575118345-1340977889-3616893645-1603","PrincipalType":"Computer","RightName":"Owner","AceType":"","IsInherited":false},{"PrincipalSID":"COMPANY.LOCAL-S-1-5-32-548","PrincipalType":"Group","RightName":"GenericAll","AceType":"","IsInherited":false},{"PrincipalSID":"S-1-5-21-575118345-1340977889-3616893645-512","PrincipalType":"Group","RightName":"GenericAll","AceType":"","IsInherited":false},{"PrincipalSID":"S-1-5-21-575118345-1340977889-3616893645-1132","PrincipalType":"Group","RightName":"ExtendedRight","AceType":"User-Force-Change-Password","IsInherited":true},{"PrincipalSID":"S-1-5-21-575118345-1340977889-3616893645-1118","PrincipalType":"Group","RightName":"GenericWrite","AceType":"","IsInherited":true},{"PrincipalSID":"S-1-5-21-575118345-1340977889-3616893645-1132","PrincipalType":"Group","RightName":"GenericWrite","AceType":"","IsInherited":true},{"PrincipalSID":"S-1-5-21-575118345-1340977889-3616893645-1135","PrincipalType":"Group","RightName":"ExtendedRight","AceType":"User-Force-Change-Password","IsInherited":true},{"PrincipalSID":"S-1-5-21-575118345-1340977889-3616893645-1135","PrincipalType":"Group","RightName":"WriteDacl","AceType":"","IsInherited":true},{"PrincipalSID":"S-1-5-21-575118345-1340977889-3616893645-519","PrincipalType":"Group","RightName":"GenericAll","AceType":"","IsInherited":true},{"PrincipalSID":"COMPANY.LOCAL-S-1-5-32-544","PrincipalType":"Group","RightName":"WriteDacl","AceType":"","IsInherited":true},{"PrincipalSID":"COMPANY.LOCAL-S-1-5-32-544","PrincipalType":"Group","RightName":"WriteOwner","AceType":"","IsInherited":true},{"PrincipalSID":"COMPANY.LOCAL-S-1-5-32-544","PrincipalType":"Group","RightName":"ExtendedRight","AceType":"All","IsInherited":true},{"PrincipalSID":"COMPANY.LOCAL-S-1-5-32-544","PrincipalType":"Group","RightName":"GenericWrite","AceType":"","IsInherited":true}]},{"Properties":{"highvalue":false,"name":"SM_2DD85E3CE3194DD09@COMPANY.LOCAL","domain":"COMPANY.LOCAL","objectid":"S-1-5-21-575118345-1340977889-3616893645-1143","distinguishedname":"CN=FederatedEmail.4c1f4d8b-8179-4148-93bf-00a95fa1e042,CN=Users,DC=company,DC=local","description":null,"dontreqpreauth":false,"passwordnotreqd":false,"unconstraineddelegation":false,"sensitive":false,"enabled":false,"pwdneverexpires":false,"lastlogon":-1,"lastlogontimestamp":-1,"pwdlastset":-1,"serviceprincipalnames":[],"hasspn":false,"displayname":"Microsoft Exchange Federation Mailbox","email":"FederatedEmail.4c1f4d8b-8179-4148-93bf-00a95fa1e042@company.local","title":null,"homedirectory":null,"userpassword":null,"admincount":false,"sidhistory":[]},"AllowedToDelegate":[],"SPNTargets":[],"PrimaryGroupSid":"S-1-5-21-575118345-1340977889-3616893645-513","HasSIDHistory":[],"ObjectIdentifier":"S-1-5-21-575118345-1340977889-3616893645-1143","Aces":[{"PrincipalSID":"S-1-5-21-575118345-1340977889-3616893645-512","PrincipalType":"Group","RightName":"Owner","AceType":"","IsInherited":false},{"PrincipalSID":"COMPANY.LOCAL-S-1-5-32-548","PrincipalType":"Group","RightName":"GenericAll","AceType":"","IsInherited":false},{"PrincipalSID":"S-1-5-21-575118345-1340977889-3616893645-512","PrincipalType":"Group","RightName":"GenericAll","AceType":"","IsInherited":false},{"PrincipalSID":"S-1-5-21-575118345-1340977889-3616893645-1118","PrincipalType":"Group","RightName":"GenericAll","AceType":"","IsInherited":false},{"PrincipalSID":"S-1-5-21-575118345-1340977889-3616893645-1135","PrincipalType":"Group","RightName":"ExtendedRight","AceType":"User-Force-Change-Password","IsInherited":true},{"PrincipalSID":"S-1-5-21-575118345-1340977889-3616893645-1135","PrincipalType":"Group","RightName":"WriteDacl","AceType":"","IsInherited":true},{"PrincipalSID":"S-1-5-21-575118345-1340977889-3616893645-519","PrincipalType":"Group","RightName":"GenericAll","AceType":"","IsInherited":true},{"PrincipalSID":"COMPANY.LOCAL-S-1-5-32-544","PrincipalType":"Group","RightName":"WriteDacl","AceType":"","IsInherited":true},{"PrincipalSID":"COMPANY.LOCAL-S-1-5-32-544","PrincipalType":"Group","RightName":"WriteOwner","AceType":"","IsInherited":true},{"PrincipalSID":"COMPANY.LOCAL-S-1-5-32-544","PrincipalType":"Group","RightName":"ExtendedRight","AceType":"All","IsInherited":true},{"PrincipalSID":"COMPANY.LOCAL-S-1-5-32-544","PrincipalType":"Group","RightName":"GenericWrite","AceType":"","IsInherited":true}]}],"meta":{"count":37,"type":"users","version":3}}