﻿{"gpos":[{"Properties":{"highvalue":false,"name":"DEFAULT DOMAIN POLICY@COMPANY.LOCAL","domain":"COMPANY.LOCAL","objectid":"110257EC-5E7D-4D66-9662-87E9FD149779","distinguishedname":"CN={31B2F340-016D-11D2-945F-00C04FB984F9},CN=Policies,CN=System,DC=company,DC=local","description":null,"gpcpath":"\\\\company.local\\sysvol\\company.local\\Policies\\{31B2F340-016D-11D2-945F-00C04FB984F9}"},"ObjectIdentifier":"110257EC-5E7D-4D66-9662-87E9FD149779","Aces":[{"PrincipalSID":"S-1-5-21-575118345-1340977889-3616893645-512","PrincipalType":"Group","RightName":"Owner","AceType":"","IsInherited":false},{"PrincipalSID":"S-1-5-21-575118345-1340977889-3616893645-512","PrincipalType":"Group","RightName":"WriteDacl","AceType":"","IsInherited":false},{"PrincipalSID":"S-1-5-21-575118345-1340977889-3616893645-512","PrincipalType":"Group","RightName":"WriteOwner","AceType":"","IsInherited":false},{"PrincipalSID":"S-1-5-21-575118345-1340977889-3616893645-512","PrincipalType":"Group","RightName":"GenericWrite","AceType":"","IsInherited":false},{"PrincipalSID":"S-1-5-21-575118345-1340977889-3616893645-512","PrincipalType":"Group","RightName":"WriteDacl","AceType":"","IsInherited":false},{"PrincipalSID":"S-1-5-21-575118345-1340977889-3616893645-512","PrincipalType":"Group","RightName":"WriteOwner","AceType":"","IsInherited":false},{"PrincipalSID":"S-1-5-21-575118345-1340977889-3616893645-512","PrincipalType":"Group","RightName":"GenericWrite","AceType":"","IsInherited":false},{"PrincipalSID":"S-1-5-21-575118345-1340977889-3616893645-519","PrincipalType":"Group","RightName":"WriteDacl","AceType":"","IsInherited":false},{"PrincipalSID":"S-1-5-21-575118345-1340977889-3616893645-519","PrincipalType":"Group","RightName":"WriteOwner","AceType":"","IsInherited":false},{"PrincipalSID":"S-1-5-21-575118345-1340977889-3616893645-519","PrincipalType":"Group","RightName":"GenericWrite","AceType":"","IsInherited":false}]},{"Properties":{"highvalue":false,"name":"DEFAULT DOMAIN CONTROLLERS POLICY@COMPANY.LOCAL","domain":"COMPANY.LOCAL","objectid":"E97D0B7F-A1CA-4F84-819B-9CD8D9731222","distinguishedname":"CN={6AC1786C-016F-11D2-945F-00C04fB984F9},CN=Policies,CN=System,DC=company,DC=local","description":null,"gpcpath":"\\\\company.local\\sysvol\\company.local\\Policies\\{6AC1786C-016F-11D2-945F-00C04fB984F9}"},"ObjectIdentifier":"E97D0B7F-A1CA-4F84-819B-9CD8D9731222","Aces":[{"PrincipalSID":"S-1-5-21-575118345-1340977889-3616893645-512","PrincipalType":"Group","RightName":"Owner","AceType":"","IsInherited":false},{"PrincipalSID":"S-1-5-21-575118345-1340977889-3616893645-512","PrincipalType":"Group","RightName":"WriteDacl","AceType":"","IsInherited":false},{"PrincipalSID":"S-1-5-21-575118345-1340977889-3616893645-512","PrincipalType":"Group","RightName":"WriteOwner","AceType":"","IsInherited":false},{"PrincipalSID":"S-1-5-21-575118345-1340977889-3616893645-512","PrincipalType":"Group","RightName":"GenericWrite","AceType":"","IsInherited":false},{"PrincipalSID":"S-1-5-21-575118345-1340977889-3616893645-512","PrincipalType":"Group","RightName":"WriteDacl","AceType":"","IsInherited":false},{"PrincipalSID":"S-1-5-21-575118345-1340977889-3616893645-512","PrincipalType":"Group","RightName":"WriteOwner","AceType":"","IsInherited":false},{"PrincipalSID":"S-1-5-21-575118345-1340977889-3616893645-512","PrincipalType":"Group","RightName":"GenericWrite","AceType":"","IsInherited":false},{"PrincipalSID":"S-1-5-21-575118345-1340977889-3616893645-519","PrincipalType":"Group","RightName":"WriteDacl","AceType":"","IsInherited":false},{"PrincipalSID":"S-1-5-21-575118345-1340977889-3616893645-519","PrincipalType":"Group","RightName":"WriteOwner","AceType":"","IsInherited":false},{"PrincipalSID":"S-1-5-21-575118345-1340977889-3616893645-519","PrincipalType":"Group","RightName":"GenericWrite","AceType":"","IsInherited":false}]},{"Properties":{"highvalue":false,"name":"AUDIT POLICY@COMPANY.LOCAL","domain":"COMPANY.LOCAL","objectid":"1DCF3201-8D36-40EA-B816-95D47C6B49FF","distinguishedname":"CN={B8FEE757-7CFF-4852-A85B-D089E81ACE96},CN=Policies,CN=System,DC=company,DC=local","description":null,"gpcpath":"\\\\company.local\\sysvol\\company.local\\Policies\\{B8FEE757-7CFF-4852-A85B-D089E81ACE96}"},"ObjectIdentifier":"1DCF3201-8D36-40EA-B816-95D47C6B49FF","Aces":[{"PrincipalSID":"S-1-5-21-575118345-1340977889-3616893645-512","PrincipalType":"Group","RightName":"Owner","AceType":"","IsInherited":false},{"PrincipalSID":"S-1-5-21-575118345-1340977889-3616893645-512","PrincipalType":"Group","RightName":"WriteDacl","AceType":"","IsInherited":false},{"PrincipalSID":"S-1-5-21-575118345-1340977889-3616893645-512","PrincipalType":"Group","RightName":"WriteOwner","AceType":"","IsInherited":false},{"PrincipalSID":"S-1-5-21-575118345-1340977889-3616893645-512","PrincipalType":"Group","RightName":"GenericWrite","AceType":"","IsInherited":false},{"PrincipalSID":"S-1-5-21-575118345-1340977889-3616893645-519","PrincipalType":"Group","RightName":"WriteDacl","AceType":"","IsInherited":false},{"PrincipalSID":"S-1-5-21-575118345-1340977889-3616893645-519","PrincipalType":"Group","RightName":"WriteOwner","AceType":"","IsInherited":false},{"PrincipalSID":"S-1-5-21-575118345-1340977889-3616893645-519","PrincipalType":"Group","RightName":"GenericWrite","AceType":"","IsInherited":false}]},{"Properties":{"highvalue":false,"name":"DC AUDIT POLICY@COMPANY.LOCAL","domain":"COMPANY.LOCAL","objectid":"DDB1625F-1F0E-43F6-A918-D02299F7487F","distinguishedname":"CN={A9BA47AF-5016-41B8-8C9E-25159C44687D},CN=Policies,CN=System,DC=company,DC=local","description":null,"gpcpath":"\\\\company.local\\sysvol\\company.local\\Policies\\{A9BA47AF-5016-41B8-8C9E-25159C44687D}"},"ObjectIdentifier":"DDB1625F-1F0E-43F6-A918-D02299F7487F","Aces":[{"PrincipalSID":"S-1-5-21-575118345-1340977889-3616893645-512","PrincipalType":"Group","RightName":"Owner","AceType":"","IsInherited":false},{"PrincipalSID":"S-1-5-21-575118345-1340977889-3616893645-512","PrincipalType":"Group","RightName":"WriteDacl","AceType":"","IsInherited":false},{"PrincipalSID":"S-1-5-21-575118345-1340977889-3616893645-512","PrincipalType":"Group","RightName":"WriteOwner","AceType":"","IsInherited":false},{"PrincipalSID":"S-1-5-21-575118345-1340977889-3616893645-512","PrincipalType":"Group","RightName":"GenericWrite","AceType":"","IsInherited":false},{"PrincipalSID":"S-1-5-21-575118345-1340977889-3616893645-519","PrincipalType":"Group","RightName":"WriteDacl","AceType":"","IsInherited":false},{"PrincipalSID":"S-1-5-21-575118345-1340977889-3616893645-519","PrincipalType":"Group","RightName":"WriteOwner","AceType":"","IsInherited":false},{"PrincipalSID":"S-1-5-21-575118345-1340977889-3616893645-519","PrincipalType":"Group","RightName":"GenericWrite","AceType":"","IsInherited":false}]},{"Properties":{"highvalue":false,"name":"DC_TIME_SERVER@COMPANY.LOCAL","domain":"COMPANY.LOCAL","objectid":"CB1C8DD5-9EB9-4D5B-A577-D3E71A4A3E35","distinguishedname":"CN={3A7B7FAB-28B8-4AB4-81A3-D4B306865D14},CN=Policies,CN=System,DC=company,DC=local","description":null,"gpcpath":"\\\\company.local\\sysvol\\company.local\\Policies\\{3A7B7FAB-28B8-4AB4-81A3-D4B306865D14}"},"ObjectIdentifier":"CB1C8DD5-9EB9-4D5B-A577-D3E71A4A3E35","Aces":[{"PrincipalSID":"S-1-5-21-575118345-1340977889-3616893645-512","PrincipalType":"Group","RightName":"Owner","AceType":"","IsInherited":false},{"PrincipalSID":"S-1-5-21-575118345-1340977889-3616893645-512","PrincipalType":"Group","RightName":"WriteDacl","AceType":"","IsInherited":false},{"PrincipalSID":"S-1-5-21-575118345-1340977889-3616893645-512","PrincipalType":"Group","RightName":"WriteOwner","AceType":"","IsInherited":false},{"PrincipalSID":"S-1-5-21-575118345-1340977889-3616893645-512","PrincipalType":"Group","RightName":"GenericWrite","AceType":"","IsInherited":false},{"PrincipalSID":"S-1-5-21-575118345-1340977889-3616893645-519","PrincipalType":"Group","RightName":"WriteDacl","AceType":"","IsInherited":false},{"PrincipalSID":"S-1-5-21-575118345-1340977889-3616893645-519","PrincipalType":"Group","RightName":"WriteOwner","AceType":"","IsInherited":false},{"PrincipalSID":"S-1-5-21-575118345-1340977889-3616893645-519","PrincipalType":"Group","RightName":"GenericWrite","AceType":"","IsInherited":false}]},{"Properties":{"highvalue":false,"name":"DISABLE_FIREWALL@COMPANY.LOCAL","domain":"COMPANY.LOCAL","objectid":"B7485DBF-88A1-4F7D-A664-30894B39C897","distinguishedname":"CN={8E8BDC27-21E6-42DD-B437-CDBF275711A5},CN=Policies,CN=System,DC=company,DC=local","description":null,"gpcpath":"\\\\company.local\\sysvol\\company.local\\Policies\\{8E8BDC27-21E6-42DD-B437-CDBF275711A5}"},"ObjectIdentifier":"B7485DBF-88A1-4F7D-A664-30894B39C897","Aces":[{"PrincipalSID":"S-1-5-21-575118345-1340977889-3616893645-512","PrincipalType":"Group","RightName":"Owner","AceType":"","IsInherited":false},{"PrincipalSID":"S-1-5-21-575118345-1340977889-3616893645-512","PrincipalType":"Group","RightName":"WriteDacl","AceType":"","IsInherited":false},{"PrincipalSID":"S-1-5-21-575118345-1340977889-3616893645-512","PrincipalType":"Group","RightName":"WriteOwner","AceType":"","IsInherited":false},{"PrincipalSID":"S-1-5-21-575118345-1340977889-3616893645-512","PrincipalType":"Group","RightName":"GenericWrite","AceType":"","IsInherited":false},{"PrincipalSID":"S-1-5-21-575118345-1340977889-3616893645-519","PrincipalType":"Group","RightName":"WriteDacl","AceType":"","IsInherited":false},{"PrincipalSID":"S-1-5-21-575118345-1340977889-3616893645-519","PrincipalType":"Group","RightName":"WriteOwner","AceType":"","IsInherited":false},{"PrincipalSID":"S-1-5-21-575118345-1340977889-3616893645-519","PrincipalType":"Group","RightName":"GenericWrite","AceType":"","IsInherited":false}]},{"Properties":{"highvalue":false,"name":"DISABLE_WINDOWS_UPDATE@COMPANY.LOCAL","domain":"COMPANY.LOCAL","objectid":"BED222BC-D9CE-4C6F-99D1-08BD0A3B417A","distinguishedname":"CN={A4B8A2F1-7762-42FC-977F-6C116B72069F},CN=Policies,CN=System,DC=company,DC=local","description":null,"gpcpath":"\\\\company.local\\sysvol\\company.local\\Policies\\{A4B8A2F1-7762-42FC-977F-6C116B72069F}"},"ObjectIdentifier":"BED222BC-D9CE-4C6F-99D1-08BD0A3B417A","Aces":[{"PrincipalSID":"S-1-5-21-575118345-1340977889-3616893645-512","PrincipalType":"Group","RightName":"Owner","AceType":"","IsInherited":false},{"PrincipalSID":"S-1-5-21-575118345-1340977889-3616893645-512","PrincipalType":"Group","RightName":"WriteDacl","AceType":"","IsInherited":false},{"PrincipalSID":"S-1-5-21-575118345-1340977889-3616893645-512","PrincipalType":"Group","RightName":"WriteOwner","AceType":"","IsInherited":false},{"PrincipalSID":"S-1-5-21-575118345-1340977889-3616893645-512","PrincipalType":"Group","RightName":"GenericWrite","AceType":"","IsInherited":false},{"PrincipalSID":"S-1-5-21-575118345-1340977889-3616893645-519","PrincipalType":"Group","RightName":"WriteDacl","AceType":"","IsInherited":false},{"PrincipalSID":"S-1-5-21-575118345-1340977889-3616893645-519","PrincipalType":"Group","RightName":"WriteOwner","AceType":"","IsInherited":false},{"PrincipalSID":"S-1-5-21-575118345-1340977889-3616893645-519","PrincipalType":"Group","RightName":"GenericWrite","AceType":"","IsInherited":false}]},{"Properties":{"highvalue":false,"name":"MPUSER@COMPANY.LOCAL","domain":"COMPANY.LOCAL","objectid":"1EDF3271-108F-4A5F-AF8F-43B529943C1C","distinguishedname":"CN={141E36DE-D692-4210-B4CA-3706E188A8E0},CN=Policies,CN=System,DC=company,DC=local","description":null,"gpcpath":"\\\\company.local\\sysvol\\company.local\\Policies\\{141E36DE-D692-4210-B4CA-3706E188A8E0}"},"ObjectIdentifier":"1EDF3271-108F-4A5F-AF8F-43B529943C1C","Aces":[{"PrincipalSID":"S-1-5-21-575118345-1340977889-3616893645-512","PrincipalType":"Group","RightName":"Owner","AceType":"","IsInherited":false},{"PrincipalSID":"S-1-5-21-575118345-1340977889-3616893645-512","PrincipalType":"Group","RightName":"WriteDacl","AceType":"","IsInherited":false},{"PrincipalSID":"S-1-5-21-575118345-1340977889-3616893645-512","PrincipalType":"Group","RightName":"WriteOwner","AceType":"","IsInherited":false},{"PrincipalSID":"S-1-5-21-575118345-1340977889-3616893645-512","PrincipalType":"Group","RightName":"GenericWrite","AceType":"","IsInherited":false},{"PrincipalSID":"S-1-5-21-575118345-1340977889-3616893645-519","PrincipalType":"Group","RightName":"WriteDacl","AceType":"","IsInherited":false},{"PrincipalSID":"S-1-5-21-575118345-1340977889-3616893645-519","PrincipalType":"Group","RightName":"WriteOwner","AceType":"","IsInherited":false},{"PrincipalSID":"S-1-5-21-575118345-1340977889-3616893645-519","PrincipalType":"Group","RightName":"GenericWrite","AceType":"","IsInherited":false}]},{"Properties":{"highvalue":false,"name":"ENABLE WINRM@COMPANY.LOCAL","domain":"COMPANY.LOCAL","objectid":"26137AC5-B9DE-450A-94BF-BA44C1C115E3","distinguishedname":"CN={8BDF3B22-EF72-4C4F-ABD6-DB8DBD78F45B},CN=Policies,CN=System,DC=company,DC=local","description":null,"gpcpath":"\\\\company.local\\sysvol\\company.local\\Policies\\{8BDF3B22-EF72-4C4F-ABD6-DB8DBD78F45B}"},"ObjectIdentifier":"26137AC5-B9DE-450A-94BF-BA44C1C115E3","Aces":[{"PrincipalSID":"S-1-5-21-575118345-1340977889-3616893645-512","PrincipalType":"Group","RightName":"Owner","AceType":"","IsInherited":false},{"PrincipalSID":"S-1-5-21-575118345-1340977889-3616893645-512","PrincipalType":"Group","RightName":"WriteDacl","AceType":"","IsInherited":false},{"PrincipalSID":"S-1-5-21-575118345-1340977889-3616893645-512","PrincipalType":"Group","RightName":"WriteOwner","AceType":"","IsInherited":false},{"PrincipalSID":"S-1-5-21-575118345-1340977889-3616893645-512","PrincipalType":"Group","RightName":"GenericWrite","AceType":"","IsInherited":false},{"PrincipalSID":"S-1-5-21-575118345-1340977889-3616893645-519","PrincipalType":"Group","RightName":"WriteDacl","AceType":"","IsInherited":false},{"PrincipalSID":"S-1-5-21-575118345-1340977889-3616893645-519","PrincipalType":"Group","RightName":"WriteOwner","AceType":"","IsInherited":false},{"PrincipalSID":"S-1-5-21-575118345-1340977889-3616893645-519","PrincipalType":"Group","RightName":"GenericWrite","AceType":"","IsInherited":false}]},{"Properties":{"highvalue":false,"name":"NTP_SERVER@COMPANY.LOCAL","domain":"COMPANY.LOCAL","objectid":"0712EFB3-6062-43CE-8033-7177B7E9A35F","distinguishedname":"CN={963B3407-FF6C-405B-8D60-ED0B9ADC5C36},CN=Policies,CN=System,DC=company,DC=local","description":null,"gpcpath":"\\\\company.local\\sysvol\\company.local\\Policies\\{963B3407-FF6C-405B-8D60-ED0B9ADC5C36}"},"ObjectIdentifier":"0712EFB3-6062-43CE-8033-7177B7E9A35F","Aces":[{"PrincipalSID":"S-1-5-21-575118345-1340977889-3616893645-512","PrincipalType":"Group","RightName":"Owner","AceType":"","IsInherited":false},{"PrincipalSID":"S-1-5-21-575118345-1340977889-3616893645-512","PrincipalType":"Group","RightName":"WriteDacl","AceType":"","IsInherited":false},{"PrincipalSID":"S-1-5-21-575118345-1340977889-3616893645-512","PrincipalType":"Group","RightName":"WriteOwner","AceType":"","IsInherited":false},{"PrincipalSID":"S-1-5-21-575118345-1340977889-3616893645-512","PrincipalType":"Group","RightName":"GenericWrite","AceType":"","IsInherited":false},{"PrincipalSID":"S-1-5-21-575118345-1340977889-3616893645-519","PrincipalType":"Group","RightName":"WriteDacl","AceType":"","IsInherited":false},{"PrincipalSID":"S-1-5-21-575118345-1340977889-3616893645-519","PrincipalType":"Group","RightName":"WriteOwner","AceType":"","IsInherited":false},{"PrincipalSID":"S-1-5-21-575118345-1340977889-3616893645-519","PrincipalType":"Group","RightName":"GenericWrite","AceType":"","IsInherited":false}]},{"Properties":{"highvalue":false,"name":"DISABLE_FILE_WARNING@COMPANY.LOCAL","domain":"COMPANY.LOCAL","objectid":"8C7A0690-17B1-4DCD-982D-2A3A82125584","distinguishedname":"CN={FFA2607B-07E4-412F-8E2B-946436B3ECA0},CN=Policies,CN=System,DC=company,DC=local","description":null,"gpcpath":"\\\\company.local\\sysvol\\company.local\\Policies\\{FFA2607B-07E4-412F-8E2B-946436B3ECA0}"},"ObjectIdentifier":"8C7A0690-17B1-4DCD-982D-2A3A82125584","Aces":[{"PrincipalSID":"S-1-5-21-575118345-1340977889-3616893645-512","PrincipalType":"Group","RightName":"Owner","AceType":"","IsInherited":false},{"PrincipalSID":"S-1-5-21-575118345-1340977889-3616893645-512","PrincipalType":"Group","RightName":"WriteDacl","AceType":"","IsInherited":false},{"PrincipalSID":"S-1-5-21-575118345-1340977889-3616893645-512","PrincipalType":"Group","RightName":"WriteOwner","AceType":"","IsInherited":false},{"PrincipalSID":"S-1-5-21-575118345-1340977889-3616893645-512","PrincipalType":"Group","RightName":"GenericWrite","AceType":"","IsInherited":false},{"PrincipalSID":"S-1-5-21-575118345-1340977889-3616893645-519","PrincipalType":"Group","RightName":"WriteDacl","AceType":"","IsInherited":false},{"PrincipalSID":"S-1-5-21-575118345-1340977889-3616893645-519","PrincipalType":"Group","RightName":"WriteOwner","AceType":"","IsInherited":false},{"PrincipalSID":"S-1-5-21-575118345-1340977889-3616893645-519","PrincipalType":"Group","RightName":"GenericWrite","AceType":"","IsInherited":false}]},{"Properties":{"highvalue":false,"name":"DISABLE_DEFENDER@COMPANY.LOCAL","domain":"COMPANY.LOCAL","objectid":"A1E6B37F-9CD8-42AF-B939-252041FF5BA4","distinguishedname":"CN={43EBC169-97B4-44F9-849F-34ED4EBE7012},CN=Policies,CN=System,DC=company,DC=local","description":null,"gpcpath":"\\\\company.local\\sysvol\\company.local\\Policies\\{43EBC169-97B4-44F9-849F-34ED4EBE7012}"},"ObjectIdentifier":"A1E6B37F-9CD8-42AF-B939-252041FF5BA4","Aces":[{"PrincipalSID":"S-1-5-21-575118345-1340977889-3616893645-512","PrincipalType":"Group","RightName":"Owner","AceType":"","IsInherited":false},{"PrincipalSID":"S-1-5-21-575118345-1340977889-3616893645-512","PrincipalType":"Group","RightName":"WriteDacl","AceType":"","IsInherited":false},{"PrincipalSID":"S-1-5-21-575118345-1340977889-3616893645-512","PrincipalType":"Group","RightName":"WriteOwner","AceType":"","IsInherited":false},{"PrincipalSID":"S-1-5-21-575118345-1340977889-3616893645-512","PrincipalType":"Group","RightName":"GenericWrite","AceType":"","IsInherited":false},{"PrincipalSID":"S-1-5-21-575118345-1340977889-3616893645-519","PrincipalType":"Group","RightName":"WriteDacl","AceType":"","IsInherited":false},{"PrincipalSID":"S-1-5-21-575118345-1340977889-3616893645-519","PrincipalType":"Group","RightName":"WriteOwner","AceType":"","IsInherited":false},{"PrincipalSID":"S-1-5-21-575118345-1340977889-3616893645-519","PrincipalType":"Group","RightName":"GenericWrite","AceType":"","IsInherited":false}]},{"Properties":{"highvalue":false,"name":"WEC@COMPANY.LOCAL","domain":"COMPANY.LOCAL","objectid":"CA628AAB-AA13-489E-83BB-4CE1AE84DB0E","distinguishedname":"CN={DC7DA794-0FCA-486F-8DA1-0C92E63548D6},CN=Policies,CN=System,DC=company,DC=local","description":null,"gpcpath":"\\\\company.local\\SysVol\\company.local\\Policies\\{DC7DA794-0FCA-486F-8DA1-0C92E63548D6}"},"ObjectIdentifier":"CA628AAB-AA13-489E-83BB-4CE1AE84DB0E","Aces":[{"PrincipalSID":"S-1-5-21-575118345-1340977889-3616893645-512","PrincipalType":"Group","RightName":"Owner","AceType":"","IsInherited":false},{"PrincipalSID":"S-1-5-21-575118345-1340977889-3616893645-512","PrincipalType":"Group","RightName":"WriteDacl","AceType":"","IsInherited":false},{"PrincipalSID":"S-1-5-21-575118345-1340977889-3616893645-512","PrincipalType":"Group","RightName":"WriteOwner","AceType":"","IsInherited":false},{"PrincipalSID":"S-1-5-21-575118345-1340977889-3616893645-512","PrincipalType":"Group","RightName":"GenericWrite","AceType":"","IsInherited":false},{"PrincipalSID":"S-1-5-21-575118345-1340977889-3616893645-519","PrincipalType":"Group","RightName":"WriteDacl","AceType":"","IsInherited":false},{"PrincipalSID":"S-1-5-21-575118345-1340977889-3616893645-519","PrincipalType":"Group","RightName":"WriteOwner","AceType":"","IsInherited":false},{"PrincipalSID":"S-1-5-21-575118345-1340977889-3616893645-519","PrincipalType":"Group","RightName":"GenericWrite","AceType":"","IsInherited":false}]}],"meta":{"count":13,"type":"gpos","version":3}}